,ds,trend,yhat_lower,yhat_upper,trend_lower,trend_upper,additive_terms,additive_terms_lower,additive_terms_upper,daily,daily_lower,daily_upper,multiplicative_terms,multiplicative_terms_lower,multiplicative_terms_upper,yhat
0,2015-06-30,377.61058283208683,3922.705017466979,8534.394848569182,377.61058283208683,377.61058283208683,5912.235169342595,5912.235169342595,5912.235169342595,5912.235169342595,5912.235169342595,5912.235169342595,0.0,0.0,0.0,6289.845752174682
1,2015-07-31,719.8178570775905,4604.744940879757,8894.283219347097,719.8178570775905,719.8178570775905,5912.235169342595,5912.235169342595,5912.235169342595,5912.235169342595,5912.235169342595,5912.235169342595,0.0,0.0,0.0,6632.053026420186
2,2015-08-31,1062.0251318403468,4793.670900134152,9192.155914686631,1062.0251318403468,1062.0251318403468,5912.235169342595,5912.235169342595,5912.235169342595,5912.235169342595,5912.235169342595,5912.235169342595,0.0,0.0,0.0,6974.260301182942
3,2015-09-30,1393.1934631007355,5153.000002506104,9601.500571723682,1393.1934631007355,1393.1934631007355,5912.235169342595,5912.235169342595,5912.235169342595,5912.235169342595,5912.235169342595,5912.235169342595,0.0,0.0,0.0,7305.428632443331
4,2015-10-31,1735.4007385420068,5570.660192796069,9879.800657911866,1735.4007385420068,1735.4007385420068,5912.235169342595,5912.235169342595,5912.235169342595,5912.235169342595,5912.235169342595,5912.235169342595,0.0,0.0,0.0,7647.635907884602
5,2015-11-30,2066.569069165812,5673.396104560575,10173.617814057614,2066.569069165812,2066.569069165812,5912.235169342595,5912.235169342595,5912.235169342595,5912.235169342595,5912.235169342595,5912.235169342595,0.0,0.0,0.0,7978.804238508407
6,2015-12-31,2408.776344143744,6038.154372881922,10482.49764258531,2408.776344143744,2408.776344143744,5912.235169342595,5912.235169342595,5912.235169342595,5912.235169342595,5912.235169342595,5912.235169342595,0.0,0.0,0.0,8321.011513486339
7,2016-01-01,2419.815288497871,6108.63638180365,10590.015203832254,2419.815288497871,2419.815288497871,5912.235169342595,5912.235169342595,5912.235169342595,5912.235169342595,5912.235169342595,5912.235169342595,0.0,0.0,0.0,8332.050457840465
8,2016-01-02,2430.854232851998,6204.526152830445,10494.67843948752,2430.854232851998,2430.854232851998,5912.235169342595,5912.235169342595,5912.235169342595,5912.235169342595,5912.235169342595,5912.235169342595,0.0,0.0,0.0,8343.089402194593
9,2016-01-03,2441.8931772061246,6205.386702471299,10591.95349638546,2441.8931771539405,2441.89317721572,5912.235169342595,5912.235169342595,5912.235169342595,5912.235169342595,5912.235169342595,5912.235169342595,0.0,0.0,0.0,8354.12834654872
10,2016-01-04,2452.9321215602517,6325.086537047186,10635.854828375835,2452.9321210930425,2452.9321216149506,5912.235169342595,5912.235169342595,5912.235169342595,5912.235169342595,5912.235169342595,5912.235169342595,0.0,0.0,0.0,8365.167290902848
11,2016-01-05,2463.9710659143784,6081.040225097241,10672.474711103217,2463.971065223937,2463.971066171756,5912.235169342595,5912.235169342595,5912.235169342595,5912.235169342595,5912.235169342595,5912.235169342595,0.0,0.0,0.0,8376.206235256974
12,2016-01-06,2475.0100102685046,6243.987918343014,10547.313928542248,2475.010009090984,2475.0100108574215,5912.235169342595,5912.235169342595,5912.235169342595,5912.235169342595,5912.235169342595,5912.235169342595,0.0,0.0,0.0,8387.2451796111
13,2016-01-07,2486.048954622632,6337.236461424445,10809.593019821346,2486.0489531271946,2486.048955548558,5912.235169342595,5912.235169342595,5912.235169342595,5912.235169342595,5912.235169342595,5912.235169342595,0.0,0.0,0.0,8398.284123965228
14,2016-01-08,2497.0878989767584,6108.632680643246,10611.257664910607,2497.087896993098,2497.087900238606,5912.235169342595,5912.235169342595,5912.235169342595,5912.235169342595,5912.235169342595,5912.235169342595,0.0,0.0,0.0,8409.323068319354
15,2016-01-09,2508.126843330886,6165.828711297142,10783.700669861453,2508.1268408527767,2508.1268451254937,5912.235169342595,5912.235169342595,5912.235169342595,5912.235169342595,5912.235169342595,5912.235169342595,0.0,0.0,0.0,8420.362012673482
16,2016-01-10,2519.165787685012,6333.0237543122175,10627.523109289696,2519.1657847371116,2519.1657902588026,5912.235169342595,5912.235169342595,5912.235169342595,5912.235169342595,5912.235169342595,5912.235169342595,0.0,0.0,0.0,8431.400957027607
17,2016-01-11,2530.2047320391393,6091.503585876806,10754.242804225982,2530.204728649758,2530.2047351112183,5912.235169342595,5912.235169342595,5912.235169342595,5912.235169342595,5912.235169342595,5912.235169342595,0.0,0.0,0.0,8442.439901381735
18,2016-01-12,2541.2436763932665,6327.119794260046,10725.628232691291,2541.243672515619,2541.243680179723,5912.235169342595,5912.235169342595,5912.235169342595,5912.235169342595,5912.235169342595,5912.235169342595,0.0,0.0,0.0,8453.478845735863
19,2016-01-13,2552.2826207473927,6145.560585898562,10600.75368537639,2552.282616207703,2552.2826252215955,5912.235169342595,5912.235169342595,5912.235169342595,5912.235169342595,5912.235169342595,5912.235169342595,0.0,0.0,0.0,8464.517790089987
20,2016-01-14,2563.32156510152,6312.012666179939,10990.738990298149,2563.3215599823516,2563.3215703047795,5912.235169342595,5912.235169342595,5912.235169342595,5912.235169342595,5912.235169342595,5912.235169342595,0.0,0.0,0.0,8475.556734444115
21,2016-01-15,2574.3605094556465,6218.625212695661,10669.067978488449,2574.3605034541797,2574.36051519563,5912.235169342595,5912.235169342595,5912.235169342595,5912.235169342595,5912.235169342595,5912.235169342595,0.0,0.0,0.0,8486.595678798241
22,2016-01-16,2585.3994538097736,6257.565113271727,10617.830733453246,2585.399446502746,2585.3994603067113,5912.235169342595,5912.235169342595,5912.235169342595,5912.235169342595,5912.235169342595,5912.235169342595,0.0,0.0,0.0,8497.63462315237
23,2016-01-17,2596.4383981639003,6329.665812976195,10822.41031204703,2596.438389947781,2596.4384054919583,5912.235169342595,5912.235169342595,5912.235169342595,5912.235169342595,5912.235169342595,5912.235169342595,0.0,0.0,0.0,8508.673567506496
24,2016-01-18,2607.4773425180274,6235.735202448933,10788.691509195043,2607.477333163661,2607.4773509650677,5912.235169342595,5912.235169342595,5912.235169342595,5912.235169342595,5912.235169342595,5912.235169342595,0.0,0.0,0.0,8519.712511860624
25,2016-01-19,2618.5162868721536,6183.329493150566,10611.777043604125,2618.516276795428,2618.516296120974,5912.235169342595,5912.235169342595,5912.235169342595,5912.235169342595,5912.235169342595,5912.235169342595,0.0,0.0,0.0,8530.751456214748
26,2016-01-20,2629.555231226281,6253.841666419088,10827.198033914266,2629.5552199311687,2629.5552412681313,5912.235169342595,5912.235169342595,5912.235169342595,5912.235169342595,5912.235169342595,5912.235169342595,0.0,0.0,0.0,8541.790400568876
27,2016-01-21,2640.594175580408,6214.119686753892,10676.430906244485,2640.594163628067,2640.5941864902798,5912.235169342595,5912.235169342595,5912.235169342595,5912.235169342595,5912.235169342595,5912.235169342595,0.0,0.0,0.0,8552.829344923004
28,2016-01-22,2651.6331199345345,6343.480183061452,10848.365047474083,2651.6331071681716,2651.6331318728885,5912.235169342595,5912.235169342595,5912.235169342595,5912.235169342595,5912.235169342595,5912.235169342595,0.0,0.0,0.0,8563.86828927713
29,2016-01-23,2662.6720642886617,6384.110615122342,10823.848625697201,2662.672050619085,2662.672077184702,5912.235169342595,5912.235169342595,5912.235169342595,5912.235169342595,5912.235169342595,5912.235169342595,0.0,0.0,0.0,8574.907233631257
30,2016-01-24,2673.711008642788,6379.354909743147,10730.489079628398,2673.7109937269747,2673.711022573839,5912.235169342595,5912.235169342595,5912.235169342595,5912.235169342595,5912.235169342595,5912.235169342595,0.0,0.0,0.0,8585.946177985383
31,2016-01-25,2684.7499529969155,6217.542773617381,10846.20975934291,2684.74993698472,2684.7499679629764,5912.235169342595,5912.235169342595,5912.235169342595,5912.235169342595,5912.235169342595,5912.235169342595,0.0,0.0,0.0,8596.98512233951
32,2016-01-26,2695.7888973510417,6122.155988137511,10726.364397559026,2695.7888803648893,2695.788913352113,5912.235169342595,5912.235169342595,5912.235169342595,5912.235169342595,5912.235169342595,5912.235169342595,0.0,0.0,0.0,8608.024066693637
33,2016-01-27,2706.8278417051692,6359.339137601125,10943.91592498396,2706.8278239629003,2706.8278587894715,5912.235169342595,5912.235169342595,5912.235169342595,5912.235169342595,5912.235169342595,5912.235169342595,0.0,0.0,0.0,8619.063011047765
34,2016-01-28,2717.8667860592955,6223.56538846947,10925.143568633826,2717.866766846032,2717.866804449149,5912.235169342595,5912.235169342595,5912.235169342595,5912.235169342595,5912.235169342595,5912.235169342595,0.0,0.0,0.0,8630.101955401891
35,2016-01-29,2728.905730413422,6194.118617096404,10890.953909737922,2728.905710789852,2728.9057496964024,5912.235169342595,5912.235169342595,5912.235169342595,5912.235169342595,5912.235169342595,5912.235169342595,0.0,0.0,0.0,8641.140899756017
36,2016-01-30,2739.9446747675493,6462.681624984112,11013.11276930056,2739.944654737824,2739.944695222308,5912.235169342595,5912.235169342595,5912.235169342595,5912.235169342595,5912.235169342595,5912.235169342595,0.0,0.0,0.0,8652.179844110145
37,2016-01-31,2750.983619121676,6354.936065427028,10976.821302364931,2750.9835980620933,2750.9836407358953,5912.235169342595,5912.235169342595,5912.235169342595,5912.235169342595,5912.235169342595,5912.235169342595,0.0,0.0,0.0,8663.218788464272
38,2016-02-01,2762.0225634758035,6540.201988683338,10970.001009601438,2762.022541300098,2762.022586299238,5912.235169342595,5912.235169342595,5912.235169342595,5912.235169342595,5912.235169342595,5912.235169342595,0.0,0.0,0.0,8674.257732818398
39,2016-02-02,2773.0615078299297,6504.542294717421,10828.166056503207,2773.0614847477586,2773.0615318565146,5912.235169342595,5912.235169342595,5912.235169342595,5912.235169342595,5912.235169342595,5912.235169342595,0.0,0.0,0.0,8685.296677172526
40,2016-02-03,2784.100452184057,6357.210962854785,10764.33440996469,2784.100428335559,2784.100477386802,5912.235169342595,5912.235169342595,5912.235169342595,5912.235169342595,5912.235169342595,5912.235169342595,0.0,0.0,0.0,8696.335621526652
41,2016-02-04,2795.1393965381835,6638.08527001547,11009.368501263312,2795.1393719245348,2795.1394229159964,5912.235169342595,5912.235169342595,5912.235169342595,5912.235169342595,5912.235169342595,5912.235169342595,0.0,0.0,0.0,8707.374565880778
42,2016-02-05,2806.17834089231,6552.662085950002,10995.8767191515,2806.178315187906,2806.1783684451893,5912.235169342595,5912.235169342595,5912.235169342595,5912.235169342595,5912.235169342595,5912.235169342595,0.0,0.0,0.0,8718.413510234906
43,2016-02-06,2817.217285246437,6387.630601644214,10852.595283915774,2817.2172584937057,2817.217313982841,5912.235169342595,5912.235169342595,5912.235169342595,5912.235169342595,5912.235169342595,5912.235169342595,0.0,0.0,0.0,8729.452454589033
44,2016-02-07,2828.256229600564,6440.169193409321,10777.620610378157,2828.2562017085925,2828.2562597030947,5912.235169342595,5912.235169342595,5912.235169342595,5912.235169342595,5912.235169342595,5912.235169342595,0.0,0.0,0.0,8740.491398943159
45,2016-02-08,2839.2951739546907,6417.4710285613755,10923.251122899472,2839.2951449302036,2839.295206135932,5912.235169342595,5912.235169342595,5912.235169342595,5912.235169342595,5912.235169342595,5912.235169342595,0.0,0.0,0.0,8751.530343297287
46,2016-02-09,2850.334118308818,6394.815591135105,11069.458788402066,2850.334088166049,2850.3341525189717,5912.235169342595,5912.235169342595,5912.235169342595,5912.235169342595,5912.235169342595,5912.235169342595,0.0,0.0,0.0,8762.569287651413
47,2016-02-10,2861.373062662945,6620.398699393951,10983.138793952781,2861.373031722398,2861.373097960163,5912.235169342595,5912.235169342595,5912.235169342595,5912.235169342595,5912.235169342595,5912.235169342595,0.0,0.0,0.0,8773.60823200554
48,2016-02-11,2872.412007017071,6527.949322106493,11118.364105757031,2872.4119746980455,2872.412043388002,5912.235169342595,5912.235169342595,5912.235169342595,5912.235169342595,5912.235169342595,5912.235169342595,0.0,0.0,0.0,8784.647176359667
49,2016-02-12,2883.4509513711987,6490.518063671479,11142.427170205252,2883.4509179050265,2883.4509891089706,5912.235169342595,5912.235169342595,5912.235169342595,5912.235169342595,5912.235169342595,5912.235169342595,0.0,0.0,0.0,8795.686120713794
50,2016-02-13,2894.489895725325,6593.918697782227,10975.279075914737,2894.4898610525975,2894.4899344634186,5912.235169342595,5912.235169342595,5912.235169342595,5912.235169342595,5912.235169342595,5912.235169342595,0.0,0.0,0.0,8806.72506506792
51,2016-02-14,2905.528840079452,6495.375837042299,11081.764260943155,2905.5288042600537,2905.528880147575,5912.235169342595,5912.235169342595,5912.235169342595,5912.235169342595,5912.235169342595,5912.235169342595,0.0,0.0,0.0,8817.764009422048
52,2016-02-15,2916.5677844335787,6591.174648926874,11190.95581599139,2916.567747488452,2916.5678254761874,5912.235169342595,5912.235169342595,5912.235169342595,5912.235169342595,5912.235169342595,5912.235169342595,0.0,0.0,0.0,8828.802953776174
53,2016-02-16,2927.6067287877054,6634.876432343492,11005.903490012039,2927.606690345995,2927.6067708047995,5912.235169342595,5912.235169342595,5912.235169342595,5912.235169342595,5912.235169342595,5912.235169342595,0.0,0.0,0.0,8839.8418981303
54,2016-02-17,2938.6456731418325,6540.6006276565095,11206.792118867808,2938.6456333306483,2938.645716133412,5912.235169342595,5912.235169342595,5912.235169342595,5912.235169342595,5912.235169342595,5912.235169342595,0.0,0.0,0.0,8850.880842484428
55,2016-02-18,2949.684617495959,6547.2869710910145,11115.667686782344,2949.6845764002546,2949.6846614641304,5912.235169342595,5912.235169342595,5912.235169342595,5912.235169342595,5912.235169342595,5912.235169342595,0.0,0.0,0.0,8861.919786838555
56,2016-02-19,2960.7235618500863,6535.112253591462,11109.618642177522,2960.7235194794125,2960.7236078345923,5912.235169342595,5912.235169342595,5912.235169342595,5912.235169342595,5912.235169342595,5912.235169342595,0.0,0.0,0.0,8872.95873119268
57,2016-02-20,2971.762506204213,6462.318897251631,11211.01441641395,2971.762462567612,2971.7625534018257,5912.235169342595,5912.235169342595,5912.235169342595,5912.235169342595,5912.235169342595,5912.235169342595,0.0,0.0,0.0,8883.997675546809
58,2016-02-21,2982.8014505583396,6652.809538404324,11120.705348383677,2982.8014056573275,2982.8014986173266,5912.235169342595,5912.235169342595,5912.235169342595,5912.235169342595,5912.235169342595,5912.235169342595,0.0,0.0,0.0,8895.036619900935
59,2016-02-22,2993.8403949124668,6603.780463058811,11301.587058317002,2993.8403485012,2993.8404442368656,5912.235169342595,5912.235169342595,5912.235169342595,5912.235169342595,5912.235169342595,5912.235169342595,0.0,0.0,0.0,8906.075564255061
60,2016-02-23,3004.8793392665934,6730.011447946971,11152.849163930865,3004.8792910657385,3004.87938992724,5912.235169342595,5912.235169342595,5912.235169342595,5912.235169342595,5912.235169342595,5912.235169342595,0.0,0.0,0.0,8917.11450860919
61,2016-02-24,3015.9182836207206,6693.491263814243,11119.992374146383,3015.918234006872,3015.918335617614,5912.235169342595,5912.235169342595,5912.235169342595,5912.235169342595,5912.235169342595,5912.235169342595,0.0,0.0,0.0,8928.153452963315
62,2016-02-25,3026.9572279748472,6595.390269798876,11385.084129060411,3026.9571773170246,3026.957281307988,5912.235169342595,5912.235169342595,5912.235169342595,5912.235169342595,5912.235169342595,5912.235169342595,0.0,0.0,0.0,8939.192397317442
63,2016-02-26,3037.996172328974,6797.873855847933,11106.651779708018,3037.996120635871,3037.996226998362,5912.235169342595,5912.235169342595,5912.235169342595,5912.235169342595,5912.235169342595,5912.235169342595,0.0,0.0,0.0,8950.23134167157
64,2016-02-27,3049.035116683101,6710.982857116303,11161.3556853744,3049.0350639547187,3049.035172688737,5912.235169342595,5912.235169342595,5912.235169342595,5912.235169342595,5912.235169342595,5912.235169342595,0.0,0.0,0.0,8961.270286025696
65,2016-02-28,3060.0740610372272,6740.351852819423,11168.23364714867,3060.074005843718,3060.0741183791106,5912.235169342595,5912.235169342595,5912.235169342595,5912.235169342595,5912.235169342595,5912.235169342595,0.0,0.0,0.0,8972.309230379822
66,2016-02-29,3071.1130053913544,6684.033464213506,11288.796135802193,3071.1129483678014,3071.113064594421,5912.235169342595,5912.235169342595,5912.235169342595,5912.235169342595,5912.235169342595,5912.235169342595,0.0,0.0,0.0,8983.34817473395
67,2016-03-01,3082.151949745481,6931.333812841558,11342.094217304975,3082.1518904281534,3082.1520108780073,5912.235169342595,5912.235169342595,5912.235169342595,5912.235169342595,5912.235169342595,5912.235169342595,0.0,0.0,0.0,8994.387119088076
68,2016-03-02,3093.190894099608,6763.054574353671,11190.848117041432,3093.1908325194813,3093.1909575642,5912.235169342595,5912.235169342595,5912.235169342595,5912.235169342595,5912.235169342595,5912.235169342595,0.0,0.0,0.0,9005.426063442203
69,2016-03-03,3104.2298384537353,6687.088443893135,11262.359933864465,3104.2297752088643,3104.2299048160216,5912.235169342595,5912.235169342595,5912.235169342595,5912.235169342595,5912.235169342595,5912.235169342595,0.0,0.0,0.0,9016.46500779633
70,2016-03-04,3115.268782807862,6881.543926515083,11032.132824571869,3115.2687184805472,3115.2688507287758,5912.235169342595,5912.235169342595,5912.235169342595,5912.235169342595,5912.235169342595,5912.235169342595,0.0,0.0,0.0,9027.503952150457
71,2016-03-05,3126.3077271619886,6758.695586851609,11380.61631057326,3126.30766093932,3126.307796577784,5912.235169342595,5912.235169342595,5912.235169342595,5912.235169342595,5912.235169342595,5912.235169342595,0.0,0.0,0.0,9038.542896504583
72,2016-03-06,3137.3466715161157,6825.953540297906,11267.563408115398,3137.346604631181,3137.346742426793,5912.235169342595,5912.235169342595,5912.235169342595,5912.235169342595,5912.235169342595,5912.235169342595,0.0,0.0,0.0,9049.581840858711
73,2016-03-07,3148.3856158702424,6686.449334331817,11267.479094933085,3148.3855468103256,3148.3856886788585,5912.235169342595,5912.235169342595,5912.235169342595,5912.235169342595,5912.235169342595,5912.235169342595,0.0,0.0,0.0,9060.620785212837
74,2016-03-08,3159.424560224369,6916.966311437403,11556.655637638738,3159.424489795745,3159.424635042849,5912.235169342595,5912.235169342595,5912.235169342595,5912.235169342595,5912.235169342595,5912.235169342595,0.0,0.0,0.0,9071.659729566964
75,2016-03-09,3170.463504578496,6772.4200988010425,11280.14658773244,3170.4634312279873,3170.4635828089927,5912.235169342595,5912.235169342595,5912.235169342595,5912.235169342595,5912.235169342595,5912.235169342595,0.0,0.0,0.0,9082.698673921092
76,2016-03-10,3181.5024489326224,6676.826493695416,11334.62046711236,3181.502373779494,3181.5025295981345,5912.235169342595,5912.235169342595,5912.235169342595,5912.235169342595,5912.235169342595,5912.235169342595,0.0,0.0,0.0,9093.737618275218
77,2016-03-11,3192.54139328675,6831.581820925358,11274.508151406997,3192.5413171306313,3192.5414755929637,5912.235169342595,5912.235169342595,5912.235169342595,5912.235169342595,5912.235169342595,5912.235169342595,0.0,0.0,0.0,9104.776562629346
78,2016-03-12,3203.5803376408767,6923.182342452373,11153.680312880937,3203.580260481768,3203.58042118793,5912.235169342595,5912.235169342595,5912.235169342595,5912.235169342595,5912.235169342595,5912.235169342595,0.0,0.0,0.0,9115.815506983472
79,2016-03-13,3214.619281995004,6791.311511757856,11382.610362298003,3214.619203824372,3214.6193667828975,5912.235169342595,5912.235169342595,5912.235169342595,5912.235169342595,5912.235169342595,5912.235169342595,0.0,0.0,0.0,9126.8544513376
80,2016-03-14,3225.6582263491305,6876.8177734748715,11404.558671432125,3225.6581471449144,3225.658312681704,5912.235169342595,5912.235169342595,5912.235169342595,5912.235169342595,5912.235169342595,5912.235169342595,0.0,0.0,0.0,9137.893395691726
81,2016-03-15,3236.6971707032567,6926.586650753725,11388.563923798025,3236.697090465457,3236.6972587790597,5912.235169342595,5912.235169342595,5912.235169342595,5912.235169342595,5912.235169342595,5912.235169342595,0.0,0.0,0.0,9148.932340045852
82,2016-03-16,3247.7361150573843,6982.297158949611,11176.297518106281,3247.7360337860005,3247.7362048167315,5912.235169342595,5912.235169342595,5912.235169342595,5912.235169342595,5912.235169342595,5912.235169342595,0.0,0.0,0.0,9159.97128439998
83,2016-03-17,3258.7750594115105,6946.822596293205,11496.158732303707,3258.7749771065437,3258.775151038113,5912.235169342595,5912.235169342595,5912.235169342595,5912.235169342595,5912.235169342595,5912.235169342595,0.0,0.0,0.0,9171.010228754105
84,2016-03-18,3269.814003765638,6967.446022621499,11493.578405355185,3269.8139204270865,3269.8140971575845,5912.235169342595,5912.235169342595,5912.235169342595,5912.235169342595,5912.235169342595,5912.235169342595,0.0,0.0,0.0,9182.049173108233
85,2016-03-19,3280.8529481197643,6945.55905102363,11433.249236751533,3280.8528637476297,3280.8530431968584,5912.235169342595,5912.235169342595,5912.235169342595,5912.235169342595,5912.235169342595,5912.235169342595,0.0,0.0,0.0,9193.08811746236
86,2016-03-20,3291.8918924738914,6925.17455561594,11498.467252500992,3291.891807068173,3291.8919889685385,5912.235169342595,5912.235169342595,5912.235169342595,5912.235169342595,5912.235169342595,5912.235169342595,0.0,0.0,0.0,9204.127061816487
87,2016-03-21,3302.930836828018,7051.520736337053,11340.17656267355,3302.9307502219667,3302.93093474022,5912.235169342595,5912.235169342595,5912.235169342595,5912.235169342595,5912.235169342595,5912.235169342595,0.0,0.0,0.0,9215.166006170613
88,2016-03-22,3313.9697811821447,6951.6072721406035,11473.250875549098,3313.9696933408563,3313.9698805066637,5912.235169342595,5912.235169342595,5912.235169342595,5912.235169342595,5912.235169342595,5912.235169342595,0.0,0.0,0.0,9226.20495052474
89,2016-03-23,3325.008725536272,7100.152510343034,11584.26641686992,3325.008635635405,3325.0088262711606,5912.235169342595,5912.235169342595,5912.235169342595,5912.235169342595,5912.235169342595,5912.235169342595,0.0,0.0,0.0,9237.243894878868
90,2016-03-24,3336.0476698903985,6989.086492821675,11529.917458165486,3336.047577226228,3336.0477720356585,5912.235169342595,5912.235169342595,5912.235169342595,5912.235169342595,5912.235169342595,5912.235169342595,0.0,0.0,0.0,9248.282839232994
91,2016-03-25,3347.0866142445257,7049.520694515241,11700.787742527633,3347.0865188170505,3347.0867178001554,5912.235169342595,5912.235169342595,5912.235169342595,5912.235169342595,5912.235169342595,5912.235169342595,0.0,0.0,0.0,9259.321783587122
92,2016-03-26,3358.1255585986523,7053.751343682321,11577.810983730744,3358.125460407873,3358.125663936872,5912.235169342595,5912.235169342595,5912.235169342595,5912.235169342595,5912.235169342595,5912.235169342595,0.0,0.0,0.0,9270.360727941248
93,2016-03-27,3369.1645029527795,6983.989608434719,11439.42710040899,3369.164401998696,3369.16461066337,5912.235169342595,5912.235169342595,5912.235169342595,5912.235169342595,5912.235169342595,5912.235169342595,0.0,0.0,0.0,9281.399672295374
94,2016-03-28,3380.2034473069057,7094.461801708208,11421.381786610258,3380.2033435895187,3380.203556532691,5912.235169342595,5912.235169342595,5912.235169342595,5912.235169342595,5912.235169342595,5912.235169342595,0.0,0.0,0.0,9292.4386166495
95,2016-03-29,3391.2423916610333,6974.5272418750355,11563.887606866145,3391.2422858551845,3391.2425025572607,5912.235169342595,5912.235169342595,5912.235169342595,5912.235169342595,5912.235169342595,5912.235169342595,0.0,0.0,0.0,9303.477561003629
96,2016-03-30,3402.2813360151595,7126.026082924219,11561.875327842661,3402.281229009655,3402.2814490747114,5912.235169342595,5912.235169342595,5912.235169342595,5912.235169342595,5912.235169342595,5912.235169342595,0.0,0.0,0.0,9314.516505357755
97,2016-03-31,3413.3202803692866,7111.4155483185605,11343.868631402664,3413.3201724977907,3413.320395564395,5912.235169342595,5912.235169342595,5912.235169342595,5912.235169342595,5912.235169342595,5912.235169342595,0.0,0.0,0.0,9325.555449711883
98,2016-04-01,3424.3592247234137,6934.891423298691,11603.10705648295,3424.359116529001,3424.359342054078,5912.235169342595,5912.235169342595,5912.235169342595,5912.235169342595,5912.235169342595,5912.235169342595,0.0,0.0,0.0,9336.594394066009
99,2016-04-02,3435.39816907754,7194.802798901702,11687.881589408087,3435.398060560211,3435.3982885566134,5912.235169342595,5912.235169342595,5912.235169342595,5912.235169342595,5912.235169342595,5912.235169342595,0.0,0.0,0.0,9347.633338420135
100,2016-04-03,3446.4371134316675,7117.79206807928,11520.294530504581,3446.437004013973,3446.4372342961633,5912.235169342595,5912.235169342595,5912.235169342595,5912.235169342595,5912.235169342595,5912.235169342595,0.0,0.0,0.0,9358.672282774263
101,2016-04-04,3457.4760577857937,7053.699906679083,11685.722183339261,3457.475946370201,3457.476179978387,5912.235169342595,5912.235169342595,5912.235169342595,5912.235169342595,5912.235169342595,5912.235169342595,0.0,0.0,0.0,9369.71122712839
102,2016-04-05,3468.5150021399213,7119.4646625910955,11542.663515020324,3468.514888726429,3468.515126126595,5912.235169342595,5912.235169342595,5912.235169342595,5912.235169342595,5912.235169342595,5912.235169342595,0.0,0.0,0.0,9380.750171482516
103,2016-04-06,3479.5539464940475,7166.316026688732,11600.412372633815,3479.5538310826573,3479.554072495661,5912.235169342595,5912.235169342595,5912.235169342595,5912.235169342595,5912.235169342595,5912.235169342595,0.0,0.0,0.0,9391.789115836644
104,2016-04-07,3490.592890848174,7182.285715299518,11652.817560488973,3490.5927742116355,3490.5930188647253,5912.235169342595,5912.235169342595,5912.235169342595,5912.235169342595,5912.235169342595,5912.235169342595,0.0,0.0,0.0,9402.82806019077
105,2016-04-08,3501.6318352023013,7152.350894356533,11759.56903192104,3501.6317173422603,3501.631965233791,5912.235169342595,5912.235169342595,5912.235169342595,5912.235169342595,5912.235169342595,5912.235169342595,0.0,0.0,0.0,9413.867004544896
106,2016-04-09,3512.670779556428,7186.59707544599,11628.676491343835,3512.6706604728847,3512.670911642613,5912.235169342595,5912.235169342595,5912.235169342595,5912.235169342595,5912.235169342595,5912.235169342595,0.0,0.0,0.0,9424.905948899024
107,2016-04-10,3523.709723910555,7142.813455800063,11868.075930045117,3523.709601291843,3523.7098607838752,5912.235169342595,5912.235169342595,5912.235169342595,5912.235169342595,5912.235169342595,5912.235169342595,0.0,0.0,0.0,9435.94489325315
108,2016-04-11,3534.748668264682,7149.739794042966,11709.09865530513,3534.748542726619,3534.748807290122,5912.235169342595,5912.235169342595,5912.235169342595,5912.235169342595,5912.235169342595,5912.235169342595,0.0,0.0,0.0,9446.983837607277
109,2016-04-12,3545.787612618809,7061.728465432828,11503.551388179645,3545.787485010932,3545.787753471888,5912.235169342595,5912.235169342595,5912.235169342595,5912.235169342595,5912.235169342595,5912.235169342595,0.0,0.0,0.0,9458.022781961405
110,2016-04-13,3556.8265569729356,6990.295704890966,11778.208677464505,3556.8264273714785,3556.8266996536545,5912.235169342595,5912.235169342595,5912.235169342595,5912.235169342595,5912.235169342595,5912.235169342595,0.0,0.0,0.0,9469.06172631553
111,2016-04-14,3567.8655013270622,7308.202100031691,11652.506219669607,3567.8653697320246,3567.86564583542,5912.235169342595,5912.235169342595,5912.235169342595,5912.235169342595,5912.235169342595,5912.235169342595,0.0,0.0,0.0,9480.100670669657
112,2016-04-15,3578.904445681189,7335.996752478424,11696.149047151193,3578.9043115646164,3578.904592005201,5912.235169342595,5912.235169342595,5912.235169342595,5912.235169342595,5912.235169342595,5912.235169342595,0.0,0.0,0.0,9491.139615023785
113,2016-04-16,3589.943390035316,7380.828796747331,11845.093153230511,3589.943254833857,3589.943537923888,5912.235169342595,5912.235169342595,5912.235169342595,5912.235169342595,5912.235169342595,5912.235169342595,0.0,0.0,0.0,9502.178559377911
114,2016-04-17,3600.9823343894427,7387.867131593946,11751.453210415006,3600.9821981734312,3600.9824843774877,5912.235169342595,5912.235169342595,5912.235169342595,5912.235169342595,5912.235169342595,5912.235169342595,0.0,0.0,0.0,9513.217503732038
115,2016-04-18,3612.02127874357,7151.0851578705615,11863.078931475473,3612.0211415130066,3612.0214305624836,5912.235169342595,5912.235169342595,5912.235169342595,5912.235169342595,5912.235169342595,5912.235169342595,0.0,0.0,0.0,9524.256448086166
116,2016-04-19,3623.0602230976965,7364.722231600217,11764.08143820472,3623.0600848525814,3623.060376744249,5912.235169342595,5912.235169342595,5912.235169342595,5912.235169342595,5912.235169342595,5912.235169342595,0.0,0.0,0.0,9535.295392440292
117,2016-04-20,3634.099167451823,7313.654690473094,11881.705791825378,3634.0990281921568,3634.099323816325,5912.235169342595,5912.235169342595,5912.235169342595,5912.235169342595,5912.235169342595,5912.235169342595,0.0,0.0,0.0,9546.334336794418
118,2016-04-21,3645.1381118059503,7308.276918546047,11723.644880404156,3645.1379715317316,3645.1382700717636,5912.235169342595,5912.235169342595,5912.235169342595,5912.235169342595,5912.235169342595,5912.235169342595,0.0,0.0,0.0,9557.373281148546
119,2016-04-22,3656.177056160077,7460.262115391974,11869.235721907913,3656.1769152767356,3656.1772163045757,5912.235169342595,5912.235169342595,5912.235169342595,5912.235169342595,5912.235169342595,5912.235169342595,0.0,0.0,0.0,9568.412225502672
120,2016-04-23,3667.216000514204,7363.315229710088,11629.189488103933,3667.2158581553963,3667.2161632924854,5912.235169342595,5912.235169342595,5912.235169342595,5912.235169342595,5912.235169342595,5912.235169342595,0.0,0.0,0.0,9579.451169856799
121,2016-04-24,3678.2549448683308,7316.876331148596,11817.865177193917,3678.254801431954,3678.2551102636085,5912.235169342595,5912.235169342595,5912.235169342595,5912.235169342595,5912.235169342595,5912.235169342595,0.0,0.0,0.0,9590.490114210927
122,2016-04-25,3689.2938892224574,7230.201713806111,11912.499633260843,3689.293744708513,3689.294057218497,5912.235169342595,5912.235169342595,5912.235169342595,5912.235169342595,5912.235169342595,5912.235169342595,0.0,0.0,0.0,9601.529058565053
123,2016-04-26,3700.3328335765846,7177.16048946273,11785.182979264884,3700.332687985071,3700.333004170655,5912.235169342595,5912.235169342595,5912.235169342595,5912.235169342595,5912.235169342595,5912.235169342595,0.0,0.0,0.0,9612.568002919179
124,2016-04-27,3711.3717779307112,7496.237584331338,11925.197579783793,3711.371631261629,3711.3719510286137,5912.235169342595,5912.235169342595,5912.235169342595,5912.235169342595,5912.235169342595,5912.235169342595,0.0,0.0,0.0,9623.606947273307
125,2016-04-28,3722.4107222848384,7327.288986264082,11848.629906741933,3722.410574563788,3722.410896736442,5912.235169342595,5912.235169342595,5912.235169342595,5912.235169342595,5912.235169342595,5912.235169342595,0.0,0.0,0.0,9634.645891627433
126,2016-04-29,3733.449666638965,7384.234286850988,11719.877051874417,3733.4495169657794,3733.4498424968906,5912.235169342595,5912.235169342595,5912.235169342595,5912.235169342595,5912.235169342595,5912.235169342595,0.0,0.0,0.0,9645.68483598156
127,2016-04-30,3744.4886109930912,7236.150731400399,11915.546418867247,3744.488458530224,3744.488789162303,5912.235169342595,5912.235169342595,5912.235169342595,5912.235169342595,5912.235169342595,5912.235169342595,0.0,0.0,0.0,9656.723780335687
128,2016-05-01,3755.527555347219,7352.972010943439,11664.60861007555,3755.527400094669,3755.5277358176027,5912.235169342595,5912.235169342595,5912.235169342595,5912.235169342595,5912.235169342595,5912.235169342595,0.0,0.0,0.0,9667.762724689814
129,2016-05-02,3766.5664997013455,7411.0079708548,12008.902480725455,3766.566341659114,3766.566682472902,5912.235169342595,5912.235169342595,5912.235169342595,5912.235169342595,5912.235169342595,5912.235169342595,0.0,0.0,0.0,9678.80166904394
130,2016-05-03,3777.6054440554726,7536.708629231713,11918.096836877156,3777.605283223559,3777.605629128202,5912.235169342595,5912.235169342595,5912.235169342595,5912.235169342595,5912.235169342595,5912.235169342595,0.0,0.0,0.0,9689.840613398068
131,2016-05-04,3788.6443884095993,7478.258917137104,12013.803145097883,3788.644224788004,3788.644575783501,5912.235169342595,5912.235169342595,5912.235169342595,5912.235169342595,5912.235169342595,5912.235169342595,0.0,0.0,0.0,9700.879557752194
132,2016-05-05,3799.683332763726,7463.6964473251255,12075.53341915057,3799.68316753711,3799.6835224388005,5912.235169342595,5912.235169342595,5912.235169342595,5912.235169342595,5912.235169342595,5912.235169342595,0.0,0.0,0.0,9711.91850210632
133,2016-05-06,3810.722277117853,7491.113465423763,11916.255173317348,3810.72210899931,3810.7224690941002,5912.235169342595,5912.235169342595,5912.235169342595,5912.235169342595,5912.235169342595,5912.235169342595,0.0,0.0,0.0,9722.957446460448
134,2016-05-07,3821.7612214719793,7653.002813491397,12051.521574113465,3821.76105052498,3821.7614157494,5912.235169342595,5912.235169342595,5912.235169342595,5912.235169342595,5912.235169342595,5912.235169342595,0.0,0.0,0.0,9733.996390814575
135,2016-05-08,3832.8001658261064,7678.916273046628,12014.811412104837,3832.7999936613232,3832.8003623942227,5912.235169342595,5912.235169342595,5912.235169342595,5912.235169342595,5912.235169342595,5912.235169342595,0.0,0.0,0.0,9745.0353351687
136,2016-05-09,3843.839110180233,7590.613122917349,12060.54311015,3843.838936374445,3843.8393087243717,5912.235169342595,5912.235169342595,5912.235169342595,5912.235169342595,5912.235169342595,5912.235169342595,0.0,0.0,0.0,9756.074279522829
137,2016-05-10,3854.87805453436,7622.98857758941,12080.868062874533,3854.877879956652,3854.87825505452,5912.235169342595,5912.235169342595,5912.235169342595,5912.235169342595,5912.235169342595,5912.235169342595,0.0,0.0,0.0,9767.113223876955
138,2016-05-11,3865.916998888487,7576.329071540668,12040.4695518011,3865.916823104317,3865.917201384669,5912.235169342595,5912.235169342595,5912.235169342595,5912.235169342595,5912.235169342595,5912.235169342595,0.0,0.0,0.0,9778.152168231081
139,2016-05-12,3876.955943242614,7516.140889928318,12093.647020325086,3876.95576625198,3876.9561477148177,5912.235169342595,5912.235169342595,5912.235169342595,5912.235169342595,5912.235169342595,5912.235169342595,0.0,0.0,0.0,9789.19111258521
140,2016-05-13,3887.9948875967407,7670.396020574072,12066.457233656223,3887.9947093996443,3887.9950940449658,5912.235169342595,5912.235169342595,5912.235169342595,5912.235169342595,5912.235169342595,5912.235169342595,0.0,0.0,0.0,9800.230056939336
141,2016-05-14,3899.033831950868,7572.380749853352,12001.373283334651,3899.033652547309,3899.0340403751147,5912.235169342595,5912.235169342595,5912.235169342595,5912.235169342595,5912.235169342595,5912.235169342595,0.0,0.0,0.0,9811.269001293464
142,2016-05-15,3910.0727763049945,7572.809645932165,12127.088125210135,3910.072595694973,3910.0729867052632,5912.235169342595,5912.235169342595,5912.235169342595,5912.235169342595,5912.235169342595,5912.235169342595,0.0,0.0,0.0,9822.30794564759
143,2016-05-16,3921.111720659121,7656.865330404968,11989.487201499904,3921.111538842638,3921.1119331744076,5912.235169342595,5912.235169342595,5912.235169342595,5912.235169342595,5912.235169342595,5912.235169342595,0.0,0.0,0.0,9833.346890001716
144,2016-05-17,3932.1506650132483,7657.446472933901,12288.058147703096,3932.1504819903016,3932.1508803733486,5912.235169342595,5912.235169342595,5912.235169342595,5912.235169342595,5912.235169342595,5912.235169342595,0.0,0.0,0.0,9844.385834355844
145,2016-05-18,3943.1896093673745,7728.479523689296,12147.722129139742,3943.1894251379663,3943.189827571978,5912.235169342595,5912.235169342595,5912.235169342595,5912.235169342595,5912.235169342595,5912.235169342595,0.0,0.0,0.0,9855.42477870997
146,2016-05-19,3954.228553721502,7769.655290257644,12181.291987285054,3954.2283682856305,3954.2287735347804,5912.235169342595,5912.235169342595,5912.235169342595,5912.235169342595,5912.235169342595,5912.235169342595,0.0,0.0,0.0,9866.463723064098
147,2016-05-20,3965.2674980756283,7576.434981409594,12175.297312219182,3965.267310675537,3965.2677194920934,5912.235169342595,5912.235169342595,5912.235169342595,5912.235169342595,5912.235169342595,5912.235169342595,0.0,0.0,0.0,9877.502667418223
148,2016-05-21,3976.306442429756,7577.750532283585,11946.001866610264,3976.306252258026,3976.3066654436416,5912.235169342595,5912.235169342595,5912.235169342595,5912.235169342595,5912.235169342595,5912.235169342595,0.0,0.0,0.0,9888.54161177235
149,2016-05-22,3987.345386783882,7682.783607340751,12209.072927334595,3987.3451952240534,3987.3456113867687,5912.235169342595,5912.235169342595,5912.235169342595,5912.235169342595,5912.235169342595,5912.235169342595,0.0,0.0,0.0,9899.580556126477
150,2016-05-23,3998.3843311380087,7720.986700899422,12191.92301530772,3998.3841370368154,3998.3845573464523,5912.235169342595,5912.235169342595,5912.235169342595,5912.235169342595,5912.235169342595,5912.235169342595,0.0,0.0,0.0,9910.619500480603
151,2016-05-24,4009.4232754921363,7785.317106591946,12148.57579117947,4009.4230778404576,4009.4235036766013,5912.235169342595,5912.235169342595,5912.235169342595,5912.235169342595,5912.235169342595,5912.235169342595,0.0,0.0,0.0,9921.658444834731
152,2016-05-25,4020.4622198462625,7548.105916689927,12005.020650753839,4020.4620186440993,4020.4624500067493,5912.235169342595,5912.235169342595,5912.235169342595,5912.235169342595,5912.235169342595,5912.235169342595,0.0,0.0,0.0,9932.697389188857
153,2016-05-26,4031.5011642003906,7795.008410887419,12031.04431087153,4031.500959447742,4031.5013963368983,5912.235169342595,5912.235169342595,5912.235169342595,5912.235169342595,5912.235169342595,5912.235169342595,0.0,0.0,0.0,9943.736333542985
154,2016-05-27,4042.5401085545163,7837.858893201028,12083.170177474,4042.5399002656395,4042.540342667047,5912.235169342595,5912.235169342595,5912.235169342595,5912.235169342595,5912.235169342595,5912.235169342595,0.0,0.0,0.0,9954.775277897112
155,2016-05-28,4053.5790529086435,7628.469087802725,12196.276665813823,4053.5788411062376,4053.579288997196,5912.235169342595,5912.235169342595,5912.235169342595,5912.235169342595,5912.235169342595,5912.235169342595,0.0,0.0,0.0,9965.81422225124
156,2016-05-29,4064.61799726277,7624.719419268401,12253.663441358509,4064.6177830805186,4064.6182353273443,5912.235169342595,5912.235169342595,5912.235169342595,5912.235169342595,5912.235169342595,5912.235169342595,0.0,0.0,0.0,9976.853166605366
157,2016-05-30,4075.656941616897,7688.972577285966,12170.363414115527,4075.656725502876,4075.657181657493,5912.235169342595,5912.235169342595,5912.235169342595,5912.235169342595,5912.235169342595,5912.235169342595,0.0,0.0,0.0,9987.892110959492
158,2016-05-31,4086.695885971023,7713.814808363638,12119.343077623598,4086.6956679252335,4086.6961279876414,5912.235169342595,5912.235169342595,5912.235169342595,5912.235169342595,5912.235169342595,5912.235169342595,0.0,0.0,0.0,9998.931055313618
159,2016-06-01,4097.734830325151,7689.0959759502,12247.785955134726,4097.734610347591,4097.735074317789,5912.235169342595,5912.235169342595,5912.235169342595,5912.235169342595,5912.235169342595,5912.235169342595,0.0,0.0,0.0,10009.969999667746
160,2016-06-02,4108.773774679277,7929.443864701972,12207.734779599472,4108.77355276995,4108.774020647938,5912.235169342595,5912.235169342595,5912.235169342595,5912.235169342595,5912.235169342595,5912.235169342595,0.0,0.0,0.0,10021.008944021873
161,2016-06-03,4119.812719033404,7647.34403420174,12327.290517454461,4119.812495218724,4119.8129669780865,5912.235169342595,5912.235169342595,5912.235169342595,5912.235169342595,5912.235169342595,5912.235169342595,0.0,0.0,0.0,10032.047888376
162,2016-06-04,4130.8516633875315,7787.493572619633,12351.380652000284,4130.851437692632,4130.851913308235,5912.235169342595,5912.235169342595,5912.235169342595,5912.235169342595,5912.235169342595,5912.235169342595,0.0,0.0,0.0,10043.086832730127
163,2016-06-05,4141.890607741658,7821.027391483327,12130.558630104615,4141.890380166539,4141.8908596383835,5912.235169342595,5912.235169342595,5912.235169342595,5912.235169342595,5912.235169342595,5912.235169342595,0.0,0.0,0.0,10054.125777084253
164,2016-06-06,4152.929552095785,7866.1920386005395,12322.394361932566,4152.929322061141,4152.929806226968,5912.235169342595,5912.235169342595,5912.235169342595,5912.235169342595,5912.235169342595,5912.235169342595,0.0,0.0,0.0,10065.164721438381
165,2016-06-07,4163.968496449911,7900.8626748016895,12364.428900242128,4163.968262452803,4163.968753109961,5912.235169342595,5912.235169342595,5912.235169342595,5912.235169342595,5912.235169342595,5912.235169342595,0.0,0.0,0.0,10076.203665792505
166,2016-06-08,4175.007440804039,7966.712802015129,12405.51536486604,4175.007202844467,4175.007699992955,5912.235169342595,5912.235169342595,5912.235169342595,5912.235169342595,5912.235169342595,5912.235169342595,0.0,0.0,0.0,10087.242610146634
167,2016-06-09,4186.046385158164,7809.415637556043,12307.667405546912,4186.046144111473,4186.046646875948,5912.235169342595,5912.235169342595,5912.235169342595,5912.235169342595,5912.235169342595,5912.235169342595,0.0,0.0,0.0,10098.28155450076
168,2016-06-10,4197.0853295122915,7958.919945551632,12278.545204081487,4197.085086909159,4197.085593758942,5912.235169342595,5912.235169342595,5912.235169342595,5912.235169342595,5912.235169342595,5912.235169342595,0.0,0.0,0.0,10109.320498854886
169,2016-06-11,4208.124273866419,8035.581864041475,12161.982237616776,4208.124029706845,4208.124540641936,5912.235169342595,5912.235169342595,5912.235169342595,5912.235169342595,5912.235169342595,5912.235169342595,0.0,0.0,0.0,10120.359443209014
170,2016-06-12,4219.163218220546,7993.024332770679,12428.902852800958,4219.162972429261,4219.163487524929,5912.235169342595,5912.235169342595,5912.235169342595,5912.235169342595,5912.235169342595,5912.235169342595,0.0,0.0,0.0,10131.398387563142
171,2016-06-13,4230.202162574673,7934.441629393036,12433.16099400817,4230.201913981142,4230.202434407923,5912.235169342595,5912.235169342595,5912.235169342595,5912.235169342595,5912.235169342595,5912.235169342595,0.0,0.0,0.0,10142.437331917268
172,2016-06-14,4241.241106928799,7856.868312597171,12383.974041378382,4241.240855533022,4241.241381290916,5912.235169342595,5912.235169342595,5912.235169342595,5912.235169342595,5912.235169342595,5912.235169342595,0.0,0.0,0.0,10153.476276271394
173,2016-06-15,4252.280051282926,7989.128146481159,12562.501845698987,4252.279797099289,4252.2803282412715,5912.235169342595,5912.235169342595,5912.235169342595,5912.235169342595,5912.235169342595,5912.235169342595,0.0,0.0,0.0,10164.515220625522
174,2016-06-16,4263.3189956370525,7785.225444267213,12452.144705419314,4263.318740420582,4263.319276053502,5912.235169342595,5912.235169342595,5912.235169342595,5912.235169342595,5912.235169342595,5912.235169342595,0.0,0.0,0.0,10175.554164979647
175,2016-06-17,4274.35793999118,7961.760227918618,12467.119687032518,4274.357683741875,4274.358223865733,5912.235169342595,5912.235169342595,5912.235169342595,5912.235169342595,5912.235169342595,5912.235169342595,0.0,0.0,0.0,10186.593109333775
176,2016-06-18,4285.396884345307,7932.065852194032,12411.68658699256,4285.396627063167,4285.3971716779615,5912.235169342595,5912.235169342595,5912.235169342595,5912.235169342595,5912.235169342595,5912.235169342595,0.0,0.0,0.0,10197.632053687903
177,2016-06-19,4296.435828699434,8062.125310417315,12482.467122355702,4296.43557038446,4296.436119490191,5912.235169342595,5912.235169342595,5912.235169342595,5912.235169342595,5912.235169342595,5912.235169342595,0.0,0.0,0.0,10208.67099804203
178,2016-06-20,4307.47477305356,8062.436895448435,12271.961027436346,4307.474511509434,4307.475067305872,5912.235169342595,5912.235169342595,5912.235169342595,5912.235169342595,5912.235169342595,5912.235169342595,0.0,0.0,0.0,10219.709942396155
179,2016-06-21,4318.513717407687,7950.286784681578,12478.885643290281,4318.513452146886,4318.514015124921,5912.235169342595,5912.235169342595,5912.235169342595,5912.235169342595,5912.235169342595,5912.235169342595,0.0,0.0,0.0,10230.748886750283
180,2016-06-22,4329.552661761814,7884.695928330447,12514.115491152897,4329.552392784338,4329.55296294397,5912.235169342595,5912.235169342595,5912.235169342595,5912.235169342595,5912.235169342595,5912.235169342595,0.0,0.0,0.0,10241.78783110441
181,2016-06-23,4340.5916061159405,8190.851657728857,12670.589679772,4340.591333421789,4340.591909920821,5912.235169342595,5912.235169342595,5912.235169342595,5912.235169342595,5912.235169342595,5912.235169342595,0.0,0.0,0.0,10252.826775458536
182,2016-06-24,4351.630550470068,7945.879789955584,12487.724904895413,4351.63027405924,4351.630856880071,5912.235169342595,5912.235169342595,5912.235169342595,5912.235169342595,5912.235169342595,5912.235169342595,0.0,0.0,0.0,10263.865719812664
183,2016-06-25,4362.669494824195,8099.614353672705,12359.689822820623,4362.669214696692,4362.669803839323,5912.235169342595,5912.235169342595,5912.235169342595,5912.235169342595,5912.235169342595,5912.235169342595,0.0,0.0,0.0,10274.90466416679
184,2016-06-26,4373.708439178322,8066.284436123301,12520.361213819308,4373.708155334144,4373.708750798574,5912.235169342595,5912.235169342595,5912.235169342595,5912.235169342595,5912.235169342595,5912.235169342595,0.0,0.0,0.0,10285.943608520916
185,2016-06-27,4384.747383532448,8224.38479683031,12439.706889928715,4384.7470959715965,4384.747697742687,5912.235169342595,5912.235169342595,5912.235169342595,5912.235169342595,5912.235169342595,5912.235169342595,0.0,0.0,0.0,10296.982552875044
186,2016-06-28,4395.786327886575,8009.930698546389,12573.155415156954,4395.786036652509,4395.7866446508315,5912.235169342595,5912.235169342595,5912.235169342595,5912.235169342595,5912.235169342595,5912.235169342595,0.0,0.0,0.0,10308.02149722917
187,2016-06-29,4406.825272240702,7835.97188280955,12658.453443211962,4406.824978135574,4406.825591557598,5912.235169342595,5912.235169342595,5912.235169342595,5912.235169342595,5912.235169342595,5912.235169342595,0.0,0.0,0.0,10319.060441583297
188,2016-06-30,4417.864216594829,7923.886157045458,12662.077754107828,4417.86391961864,4417.864538464364,5912.235169342595,5912.235169342595,5912.235169342595,5912.235169342595,5912.235169342595,5912.235169342595,0.0,0.0,0.0,10330.099385937425
189,2016-07-01,4428.903160948956,8096.542858691482,12525.887165480286,4428.902861101704,4428.903484586846,5912.235169342595,5912.235169342595,5912.235169342595,5912.235169342595,5912.235169342595,5912.235169342595,0.0,0.0,0.0,10341.138330291551
190,2016-07-02,4439.942105303083,8185.1413610507925,12512.058108103245,4439.941802584768,4439.942430210126,5912.235169342595,5912.235169342595,5912.235169342595,5912.235169342595,5912.235169342595,5912.235169342595,0.0,0.0,0.0,10352.177274645677
191,2016-07-03,4450.98104965721,8255.80177125446,12511.634031503805,4450.980744067833,4450.981375212996,5912.235169342595,5912.235169342595,5912.235169342595,5912.235169342595,5912.235169342595,5912.235169342595,0.0,0.0,0.0,10363.216218999805
192,2016-07-04,4462.019994011336,8161.091007845989,12746.397212908545,4462.0196855508975,4462.020320215864,5912.235169342595,5912.235169342595,5912.235169342595,5912.235169342595,5912.235169342595,5912.235169342595,0.0,0.0,0.0,10374.255163353931
193,2016-07-05,4473.058938365463,8018.4641330875875,12704.973529311557,4473.058627033962,4473.059265218734,5912.235169342595,5912.235169342595,5912.235169342595,5912.235169342595,5912.235169342595,5912.235169342595,0.0,0.0,0.0,10385.294107708058
194,2016-07-06,4484.09788271959,8128.2135284414835,12617.30716581446,4484.097568533129,4484.098210221604,5912.235169342595,5912.235169342595,5912.235169342595,5912.235169342595,5912.235169342595,5912.235169342595,0.0,0.0,0.0,10396.333052062186
195,2016-07-07,4495.136827073717,8179.6604614512025,12710.661504147492,4495.1365100575185,4495.137155348826,5912.235169342595,5912.235169342595,5912.235169342595,5912.235169342595,5912.235169342595,5912.235169342595,0.0,0.0,0.0,10407.371996416312
196,2016-07-08,4506.175771427844,8199.509474652856,12550.693002847715,4506.175451581908,4506.176102278054,5912.235169342595,5912.235169342595,5912.235169342595,5912.235169342595,5912.235169342595,5912.235169342595,0.0,0.0,0.0,10418.410940770438
197,2016-07-09,4517.214715781971,8365.0594040478,12717.477903529883,4517.214393106298,4517.215049362041,5912.235169342595,5912.235169342595,5912.235169342595,5912.235169342595,5912.235169342595,5912.235169342595,0.0,0.0,0.0,10429.449885124566
198,2016-07-10,4528.253660136098,8237.999717795332,12531.778306298898,4528.253334630688,4528.2539962621,5912.235169342595,5912.235169342595,5912.235169342595,5912.235169342595,5912.235169342595,5912.235169342595,0.0,0.0,0.0,10440.488829478694
199,2016-07-11,4539.292604490223,8216.255756070806,12623.81467772818,4539.292276155078,4539.292943095715,5912.235169342595,5912.235169342595,5912.235169342595,5912.235169342595,5912.235169342595,5912.235169342595,0.0,0.0,0.0,10451.527773832819
200,2016-07-12,4550.331548844351,8300.416154772953,12713.780012155163,4550.331217679468,4550.331890059007,5912.235169342595,5912.235169342595,5912.235169342595,5912.235169342595,5912.235169342595,5912.235169342595,0.0,0.0,0.0,10462.566718186947
201,2016-07-13,4561.3704931984785,8224.604784094861,12601.730080037149,4561.370159203858,4561.370837037477,5912.235169342595,5912.235169342595,5912.235169342595,5912.235169342595,5912.235169342595,5912.235169342595,0.0,0.0,0.0,10473.605662541075
202,2016-07-14,4572.409437552605,8288.232784822643,12700.870233981801,4572.409100728248,4572.409784015948,5912.235169342595,5912.235169342595,5912.235169342595,5912.235169342595,5912.235169342595,5912.235169342595,0.0,0.0,0.0,10484.6446068952
203,2016-07-15,4583.448381906732,8378.175404479469,12751.16104764654,4583.448042578869,4583.448730994418,5912.235169342595,5912.235169342595,5912.235169342595,5912.235169342595,5912.235169342595,5912.235169342595,0.0,0.0,0.0,10495.683551249327
204,2016-07-16,4594.487326260859,8235.152183784445,12677.43012563995,4594.486984828005,4594.48767797289,5912.235169342595,5912.235169342595,5912.235169342595,5912.235169342595,5912.235169342595,5912.235169342595,0.0,0.0,0.0,10506.722495603455
205,2016-07-17,4605.526270614985,8323.813554963888,12719.483198721153,4605.52592709911,4605.526624951361,5912.235169342595,5912.235169342595,5912.235169342595,5912.235169342595,5912.235169342595,5912.235169342595,0.0,0.0,0.0,10517.76143995758
206,2016-07-18,4616.565214969111,8306.55943806209,12858.78236830606,4616.564869388077,4616.565571922217,5912.235169342595,5912.235169342595,5912.235169342595,5912.235169342595,5912.235169342595,5912.235169342595,0.0,0.0,0.0,10528.800384311708
207,2016-07-19,4627.604159323239,8292.155431593941,12813.920504555841,4627.603812109365,4627.604518887687,5912.235169342595,5912.235169342595,5912.235169342595,5912.235169342595,5912.235169342595,5912.235169342595,0.0,0.0,0.0,10539.839328665836
208,2016-07-20,4638.6431036773665,8227.94657751128,12752.42649783108,4638.642754761121,4638.643465854392,5912.235169342595,5912.235169342595,5912.235169342595,5912.235169342595,5912.235169342595,5912.235169342595,0.0,0.0,0.0,10550.878273019962
209,2016-07-21,4649.682048031493,8209.021529605558,12862.639796496393,4649.681697412878,4649.6824128215385,5912.235169342595,5912.235169342595,5912.235169342595,5912.235169342595,5912.235169342595,5912.235169342595,0.0,0.0,0.0,10561.917217374088
210,2016-07-22,4660.720992385619,8321.574179442201,12807.914720352948,4660.720640064635,4660.721359788687,5912.235169342595,5912.235169342595,5912.235169342595,5912.235169342595,5912.235169342595,5912.235169342595,0.0,0.0,0.0,10572.956161728214
211,2016-07-23,4671.759936739747,8225.128676243887,12908.322319382944,4671.759582716391,4671.760306755835,5912.235169342595,5912.235169342595,5912.235169342595,5912.235169342595,5912.235169342595,5912.235169342595,0.0,0.0,0.0,10583.995106082342
212,2016-07-24,4682.798881093873,8250.569839597529,13028.395510916742,4682.798524875916,4682.799253722982,5912.235169342595,5912.235169342595,5912.235169342595,5912.235169342595,5912.235169342595,5912.235169342595,0.0,0.0,0.0,10595.034050436469
213,2016-07-25,4693.837825447999,8525.47827125883,12845.527735973574,4693.837465984781,4693.838201024952,5912.235169342595,5912.235169342595,5912.235169342595,5912.235169342595,5912.235169342595,5912.235169342595,0.0,0.0,0.0,10606.072994790595
214,2016-07-26,4704.8767698021275,8287.343045862313,12877.932118496534,4704.876407526366,4704.877148455408,5912.235169342595,5912.235169342595,5912.235169342595,5912.235169342595,5912.235169342595,5912.235169342595,0.0,0.0,0.0,10617.111939144723
215,2016-07-27,4715.915714156254,8391.708933996619,12811.630783283363,4715.915349764849,4715.916095885864,5912.235169342595,5912.235169342595,5912.235169342595,5912.235169342595,5912.235169342595,5912.235169342595,0.0,0.0,0.0,10628.150883498849
216,2016-07-28,4726.954658510381,8306.087515069468,12808.682598495196,4726.954292003332,4726.9550433163195,5912.235169342595,5912.235169342595,5912.235169342595,5912.235169342595,5912.235169342595,5912.235169342595,0.0,0.0,0.0,10639.189827852977
217,2016-07-29,4737.993602864507,8387.037078997426,12872.483206596744,4737.993234241814,4737.993990701346,5912.235169342595,5912.235169342595,5912.235169342595,5912.235169342595,5912.235169342595,5912.235169342595,0.0,0.0,0.0,10650.228772207101
218,2016-07-30,4749.032547218634,8463.059329884447,12834.575339175455,4749.032176480295,4749.032938085015,5912.235169342595,5912.235169342595,5912.235169342595,5912.235169342595,5912.235169342595,5912.235169342595,0.0,0.0,0.0,10661.26771656123
219,2016-07-31,4760.071491572761,8285.36206393469,12851.044344369562,4760.071118718777,4760.071884999538,5912.235169342595,5912.235169342595,5912.235169342595,5912.235169342595,5912.235169342595,5912.235169342595,0.0,0.0,0.0,10672.306660915357
220,2016-08-01,4771.1104359268875,8554.661509307565,13015.601781277372,4771.11006095726,4771.110830438321,5912.235169342595,5912.235169342595,5912.235169342595,5912.235169342595,5912.235169342595,5912.235169342595,0.0,0.0,0.0,10683.345605269482
221,2016-08-02,4782.1493802810155,8452.649548045987,12856.153168957431,4782.149003195743,4782.149778218475,5912.235169342595,5912.235169342595,5912.235169342595,5912.235169342595,5912.235169342595,5912.235169342595,0.0,0.0,0.0,10694.38454962361
222,2016-08-03,4793.188324635142,8595.09305321755,12803.477738908237,4793.187945434224,4793.188725414936,5912.235169342595,5912.235169342595,5912.235169342595,5912.235169342595,5912.235169342595,5912.235169342595,0.0,0.0,0.0,10705.423493977738
223,2016-08-04,4804.227268989269,8487.211677037158,12806.80840157138,4804.226887672707,4804.2276715066955,5912.235169342595,5912.235169342595,5912.235169342595,5912.235169342595,5912.235169342595,5912.235169342595,0.0,0.0,0.0,10716.462438331864
224,2016-08-05,4815.266213343395,8438.040407812889,13003.422886994469,4815.265828614993,4815.266617598457,5912.235169342595,5912.235169342595,5912.235169342595,5912.235169342595,5912.235169342595,5912.235169342595,0.0,0.0,0.0,10727.50138268599
225,2016-08-06,4826.305157697522,8415.356307047661,12806.578547427764,4826.304769190459,4826.305563659323,5912.235169342595,5912.235169342595,5912.235169342595,5912.235169342595,5912.235169342595,5912.235169342595,0.0,0.0,0.0,10738.540327040118
226,2016-08-07,4837.344102051649,8432.518844780196,13002.36881815653,4837.343709765926,4837.344509712621,5912.235169342595,5912.235169342595,5912.235169342595,5912.235169342595,5912.235169342595,5912.235169342595,0.0,0.0,0.0,10749.579271394245
227,2016-08-08,4848.3830464057755,8551.025433452134,13055.57494477754,4848.382650341393,4848.383455765921,5912.235169342595,5912.235169342595,5912.235169342595,5912.235169342595,5912.235169342595,5912.235169342595,0.0,0.0,0.0,10760.61821574837
228,2016-08-09,4859.421990759902,8524.048099101603,13011.352965706776,4859.421590916858,4859.422401819217,5912.235169342595,5912.235169342595,5912.235169342595,5912.235169342595,5912.235169342595,5912.235169342595,0.0,0.0,0.0,10771.657160102497
229,2016-08-10,4870.46093511403,8515.7479748529,12972.856631204966,4870.460531492325,4870.461348324412,5912.235169342595,5912.235169342595,5912.235169342595,5912.235169342595,5912.235169342595,5912.235169342595,0.0,0.0,0.0,10782.696104456625
230,2016-08-11,4881.499879468157,8610.9646138546,13108.803471250114,4881.499472082056,4881.500295957442,5912.235169342595,5912.235169342595,5912.235169342595,5912.235169342595,5912.235169342595,5912.235169342595,0.0,0.0,0.0,10793.735048810751
231,2016-08-12,4892.538823822283,8556.619499333596,12982.64362262522,4892.538412696312,4892.539243590472,5912.235169342595,5912.235169342595,5912.235169342595,5912.235169342595,5912.235169342595,5912.235169342595,0.0,0.0,0.0,10804.77399316488
232,2016-08-13,4903.57776817641,8522.332818782059,12980.020223698528,4903.577353310567,4903.578191223502,5912.235169342595,5912.235169342595,5912.235169342595,5912.235169342595,5912.235169342595,5912.235169342595,0.0,0.0,0.0,10815.812937519006
233,2016-08-14,4914.616712530537,8621.265907762994,13159.146639742297,4914.616293924822,4914.617138856533,5912.235169342595,5912.235169342595,5912.235169342595,5912.235169342595,5912.235169342595,5912.235169342595,0.0,0.0,0.0,10826.851881873132
234,2016-08-15,4925.655656884664,8684.857434704329,12956.121740197728,4925.655235418677,4925.656086489562,5912.235169342595,5912.235169342595,5912.235169342595,5912.235169342595,5912.235169342595,5912.235169342595,0.0,0.0,0.0,10837.89082622726
235,2016-08-16,4936.69460123879,8591.459913139643,13054.670559080014,4936.694177997664,4936.695034122592,5912.235169342595,5912.235169342595,5912.235169342595,5912.235169342595,5912.235169342595,5912.235169342595,0.0,0.0,0.0,10848.929770581384
236,2016-08-17,4947.733545592918,8630.016088367664,13073.61140405061,4947.733120576651,4947.733980742772,5912.235169342595,5912.235169342595,5912.235169342595,5912.235169342595,5912.235169342595,5912.235169342595,0.0,0.0,0.0,10859.968714935512
237,2016-08-18,4958.772489947045,8646.653974390747,13020.551006813675,4958.772063154451,4958.772927278876,5912.235169342595,5912.235169342595,5912.235169342595,5912.235169342595,5912.235169342595,5912.235169342595,0.0,0.0,0.0,10871.00765928964
238,2016-08-19,4969.81143430117,8712.698019666159,13075.269085863605,4969.811005729384,4969.811873814934,5912.235169342595,5912.235169342595,5912.235169342595,5912.235169342595,5912.235169342595,5912.235169342595,0.0,0.0,0.0,10882.046603643765
239,2016-08-20,4980.850378655297,8692.025010556865,12904.681861911262,4980.849948304319,4980.850820350988,5912.235169342595,5912.235169342595,5912.235169342595,5912.235169342595,5912.235169342595,5912.235169342595,0.0,0.0,0.0,10893.085547997893
240,2016-08-21,4991.889323009425,8675.261007399848,13110.347386939628,4991.88889089384,4991.889766887042,5912.235169342595,5912.235169342595,5912.235169342595,5912.235169342595,5912.235169342595,5912.235169342595,0.0,0.0,0.0,10904.12449235202
241,2016-08-22,5002.928267363551,8633.860073956606,12947.00699556689,5002.9278334963965,5002.928713423095,5912.235169342595,5912.235169342595,5912.235169342595,5912.235169342595,5912.235169342595,5912.235169342595,0.0,0.0,0.0,10915.163436706145
242,2016-08-23,5013.967211717678,8744.198097555833,13047.98425049462,5013.966776098952,5013.967660987878,5912.235169342595,5912.235169342595,5912.235169342595,5912.235169342595,5912.235169342595,5912.235169342595,0.0,0.0,0.0,10926.202381060273
243,2016-08-24,5025.006156071806,8596.730944265768,13263.359137705682,5025.005718701509,5025.006609119563,5912.235169342595,5912.235169342595,5912.235169342595,5912.235169342595,5912.235169342595,5912.235169342595,0.0,0.0,0.0,10937.241325414401
244,2016-08-25,5036.045100425933,8751.810886249477,13188.710098875454,5036.044661304067,5036.045557251249,5912.235169342595,5912.235169342595,5912.235169342595,5912.235169342595,5912.235169342595,5912.235169342595,0.0,0.0,0.0,10948.28026976853
245,2016-08-26,5047.084044780058,8646.79934270397,13246.256130638978,5047.083603906623,5047.084505382933,5912.235169342595,5912.235169342595,5912.235169342595,5912.235169342595,5912.235169342595,5912.235169342595,0.0,0.0,0.0,10959.319214122654
246,2016-08-27,5058.122989134185,8630.553819143714,13363.498937215423,5058.122546509178,5058.123453514619,5912.235169342595,5912.235169342595,5912.235169342595,5912.235169342595,5912.235169342595,5912.235169342595,0.0,0.0,0.0,10970.358158476782
247,2016-08-28,5069.1619334883135,8898.882717797502,13173.641354678553,5069.161489111735,5069.162401646303,5912.235169342595,5912.235169342595,5912.235169342595,5912.235169342595,5912.235169342595,5912.235169342595,0.0,0.0,0.0,10981.39710283091
248,2016-08-29,5080.20087784244,8696.2194545302,13154.626978710061,5080.200431714292,5080.201349777988,5912.235169342595,5912.235169342595,5912.235169342595,5912.235169342595,5912.235169342595,5912.235169342595,0.0,0.0,0.0,10992.436047185034
249,2016-08-30,5091.239822196566,8769.775137721575,13203.943343627296,5091.239374316849,5091.240297902804,5912.235169342595,5912.235169342595,5912.235169342595,5912.235169342595,5912.235169342595,5912.235169342595,0.0,0.0,0.0,11003.474991539162
250,2016-08-31,5102.278766550693,8833.799592590944,13260.929585578377,5102.2783169194045,5102.279245988562,5912.235169342595,5912.235169342595,5912.235169342595,5912.235169342595,5912.235169342595,5912.235169342595,0.0,0.0,0.0,11014.513935893288
251,2016-09-01,5113.31771090482,8668.241206967343,13182.86031378141,5113.317259521961,5113.318192768532,5912.235169342595,5912.235169342595,5912.235169342595,5912.235169342595,5912.235169342595,5912.235169342595,0.0,0.0,0.0,11025.552880247415
252,2016-09-02,5124.356655258946,8719.753271400674,13273.346389436432,5124.356201604129,5124.357138649339,5912.235169342595,5912.235169342595,5912.235169342595,5912.235169342595,5912.235169342595,5912.235169342595,0.0,0.0,0.0,11036.591824601543
253,2016-09-03,5135.3955996130735,8751.307328938698,13356.9619966342,5135.395142605611,5135.396084511023,5912.235169342595,5912.235169342595,5912.235169342595,5912.235169342595,5912.235169342595,5912.235169342595,0.0,0.0,0.0,11047.630768955669
254,2016-09-04,5146.4345439672015,8738.283353974772,13379.551205148095,5146.434083607094,5146.435030371926,5912.235169342595,5912.235169342595,5912.235169342595,5912.235169342595,5912.235169342595,5912.235169342595,0.0,0.0,0.0,11058.669713309797
255,2016-09-05,5157.473488321328,8813.91309036685,13204.91112621613,5157.473024608576,5157.4739762150575,5912.235169342595,5912.235169342595,5912.235169342595,5912.235169342595,5912.235169342595,5912.235169342595,0.0,0.0,0.0,11069.708657663923
256,2016-09-06,5168.512432675454,8894.580239267323,13438.759059700586,5168.5119656100605,5168.512922030895,5912.235169342595,5912.235169342595,5912.235169342595,5912.235169342595,5912.235169342595,5912.235169342595,0.0,0.0,0.0,11080.74760201805
257,2016-09-07,5179.551377029581,8908.288448002972,13412.917611126453,5179.550906611543,5179.551867846734,5912.235169342595,5912.235169342595,5912.235169342595,5912.235169342595,5912.235169342595,5912.235169342595,0.0,0.0,0.0,11091.786546372176
258,2016-09-08,5190.590321383708,8900.239346757802,13200.01629718057,5190.589847613024,5190.590813662572,5912.235169342595,5912.235169342595,5912.235169342595,5912.235169342595,5912.235169342595,5912.235169342595,0.0,0.0,0.0,11102.825490726304
259,2016-09-09,5201.629265737834,8895.323118084436,13293.300353202785,5201.628788614507,5201.62975947841,5912.235169342595,5912.235169342595,5912.235169342595,5912.235169342595,5912.235169342595,5912.235169342595,0.0,0.0,0.0,11113.86443508043
260,2016-09-10,5212.668210091962,8766.94995505439,13299.132685081671,5212.667729636618,5212.66870529425,5912.235169342595,5912.235169342595,5912.235169342595,5912.235169342595,5912.235169342595,5912.235169342595,0.0,0.0,0.0,11124.903379434556
261,2016-09-11,5223.707154446088,8779.11440681595,13390.25291664812,5223.7066707137865,5223.707651111146,5912.235169342595,5912.235169342595,5912.235169342595,5912.235169342595,5912.235169342595,5912.235169342595,0.0,0.0,0.0,11135.942323788684
262,2016-09-12,5234.746098800216,8950.687508077328,13298.674168254924,5234.745611788464,5234.746596928632,5912.235169342595,5912.235169342595,5912.235169342595,5912.235169342595,5912.235169342595,5912.235169342595,0.0,0.0,0.0,11146.981268142812
263,2016-09-13,5245.785043154342,8942.571844192873,13275.596133483828,5245.784552862198,5245.785542746119,5912.235169342595,5912.235169342595,5912.235169342595,5912.235169342595,5912.235169342595,5912.235169342595,0.0,0.0,0.0,11158.020212496936
264,2016-09-14,5256.823987508468,9071.352217455687,13278.994402341326,5256.823493935933,5256.824488563606,5912.235169342595,5912.235169342595,5912.235169342595,5912.235169342595,5912.235169342595,5912.235169342595,0.0,0.0,0.0,11169.059156851064
265,2016-09-15,5267.862931862596,8983.61391666044,13263.162994566843,5267.862435009669,5267.863434381094,5912.235169342595,5912.235169342595,5912.235169342595,5912.235169342595,5912.235169342595,5912.235169342595,0.0,0.0,0.0,11180.098101205193
266,2016-09-16,5278.9018762167225,9013.621617596527,13464.116390947676,5278.901376059637,5278.9023801985795,5912.235169342595,5912.235169342595,5912.235169342595,5912.235169342595,5912.235169342595,5912.235169342595,0.0,0.0,0.0,11191.137045559317
267,2016-09-17,5289.94082057085,8996.954336345021,13387.324116918968,5289.940320492974,5289.941326365976,5912.235169342595,5912.235169342595,5912.235169342595,5912.235169342595,5912.235169342595,5912.235169342595,0.0,0.0,0.0,11202.175989913445
268,2016-09-18,5300.979764924976,8775.347826300114,13430.527019848902,5300.979264926312,5300.980274292773,5912.235169342595,5912.235169342595,5912.235169342595,5912.235169342595,5912.235169342595,5912.235169342595,0.0,0.0,0.0,11213.214934267571
269,2016-09-19,5312.018709279104,8944.023265886839,13642.759569375752,5312.018209359648,5312.019221826009,5912.235169342595,5912.235169342595,5912.235169342595,5912.235169342595,5912.235169342595,5912.235169342595,0.0,0.0,0.0,11224.2538786217
270,2016-09-20,5323.05765363323,9045.89956778771,13533.003461875845,5323.0571537929845,5323.058167496345,5912.235169342595,5912.235169342595,5912.235169342595,5912.235169342595,5912.235169342595,5912.235169342595,0.0,0.0,0.0,11235.292822975825
271,2016-09-21,5334.096597987356,8907.886261621827,13521.046672527675,5334.096098226322,5334.097113129749,5912.235169342595,5912.235169342595,5912.235169342595,5912.235169342595,5912.235169342595,5912.235169342595,0.0,0.0,0.0,11246.331767329952
272,2016-09-22,5345.135542341484,8987.346598955219,13699.064687200125,5345.1350424056645,5345.136061714667,5912.235169342595,5912.235169342595,5912.235169342595,5912.235169342595,5912.235169342595,5912.235169342595,0.0,0.0,0.0,11257.37071168408
273,2016-09-23,5356.1744866956105,9058.933342270744,13603.983236684042,5356.173983880417,5356.175008200681,5912.235169342595,5912.235169342595,5912.235169342595,5912.235169342595,5912.235169342595,5912.235169342595,0.0,0.0,0.0,11268.409656038206
274,2016-09-24,5367.213431049737,9074.418650718646,13618.780061650717,5367.21292535517,5367.213953988245,5912.235169342595,5912.235169342595,5912.235169342595,5912.235169342595,5912.235169342595,5912.235169342595,0.0,0.0,0.0,11279.448600392332
275,2016-09-25,5378.252375403864,8967.477689028641,13589.451273290528,5378.251865288375,5378.252899775811,5912.235169342595,5912.235169342595,5912.235169342595,5912.235169342595,5912.235169342595,5912.235169342595,0.0,0.0,0.0,11290.487544746458
276,2016-09-26,5389.291319757992,9116.243127994343,13609.837890447401,5389.290803113007,5389.291845563376,5912.235169342595,5912.235169342595,5912.235169342595,5912.235169342595,5912.235169342595,5912.235169342595,0.0,0.0,0.0,11301.526489100586
277,2016-09-27,5400.330264112118,8875.625703605587,13539.205090545021,5400.329740966399,5400.330791342411,5912.235169342595,5912.235169342595,5912.235169342595,5912.235169342595,5912.235169342595,5912.235169342595,0.0,0.0,0.0,11312.565433454714
278,2016-09-28,5411.369208466244,9277.320931519509,13646.69505617801,5411.368678819792,5411.369737105809,5912.235169342595,5912.235169342595,5912.235169342595,5912.235169342595,5912.235169342595,5912.235169342595,0.0,0.0,0.0,11323.604377808839
279,2016-09-29,5422.4081528203715,9236.693712624718,13492.71192597808,5422.407616673185,5422.408682869207,5912.235169342595,5912.235169342595,5912.235169342595,5912.235169342595,5912.235169342595,5912.235169342595,0.0,0.0,0.0,11334.643322162967
280,2016-09-30,5433.447097174499,9128.708863913867,13763.15818339106,5433.446555278346,5433.447628632605,5912.235169342595,5912.235169342595,5912.235169342595,5912.235169342595,5912.235169342595,5912.235169342595,0.0,0.0,0.0,11345.682266517095
281,2016-10-01,5444.486041528625,9061.299137283591,13608.100914656123,5444.485498294958,5444.486574396004,5912.235169342595,5912.235169342595,5912.235169342595,5912.235169342595,5912.235169342595,5912.235169342595,0.0,0.0,0.0,11356.72121087122
282,2016-10-02,5455.524985882752,9143.608734326584,13693.803297293141,5455.524441311571,5455.525520699046,5912.235169342595,5912.235169342595,5912.235169342595,5912.235169342595,5912.235169342595,5912.235169342595,0.0,0.0,0.0,11367.760155225347
283,2016-10-03,5466.56393023688,9120.4523799697,13601.244553094608,5466.563384443841,5466.564467243257,5912.235169342595,5912.235169342595,5912.235169342595,5912.235169342595,5912.235169342595,5912.235169342595,0.0,0.0,0.0,11378.799099579475
284,2016-10-04,5477.602874591005,9165.78419396737,13567.5353272659,5477.602327587635,5477.603413787467,5912.235169342595,5912.235169342595,5912.235169342595,5912.235169342595,5912.235169342595,5912.235169342595,0.0,0.0,0.0,11389.8380439336
285,2016-10-05,5488.641818945132,9181.229876474785,13704.319879786612,5488.641270731428,5488.642360331678,5912.235169342595,5912.235169342595,5912.235169342595,5912.235169342595,5912.235169342595,5912.235169342595,0.0,0.0,0.0,11400.876988287728
286,2016-10-06,5499.6807632992595,9178.25639343914,13779.417352260605,5499.680213875223,5499.6813068758875,5912.235169342595,5912.235169342595,5912.235169342595,5912.235169342595,5912.235169342595,5912.235169342595,0.0,0.0,0.0,11411.915932641856
287,2016-10-07,5510.719707653386,9095.692210954414,13658.1226950539,5510.719157019016,5510.720253408158,5912.235169342595,5912.235169342595,5912.235169342595,5912.235169342595,5912.235169342595,5912.235169342595,0.0,0.0,0.0,11422.95487699598
288,2016-10-08,5521.758652007513,9408.5445612077,13666.767812747066,5521.75810016281,5521.759199905846,5912.235169342595,5912.235169342595,5912.235169342595,5912.235169342595,5912.235169342595,5912.235169342595,0.0,0.0,0.0,11433.993821350108
289,2016-10-09,5532.79759636164,9414.796991916011,13496.408881034034,5532.797043309785,5532.798146403534,5912.235169342595,5912.235169342595,5912.235169342595,5912.235169342595,5912.235169342595,5912.235169342595,0.0,0.0,0.0,11445.032765704236
290,2016-10-10,5543.836540715767,9322.687491085759,13505.038667949402,5543.835986459367,5543.837092901223,5912.235169342595,5912.235169342595,5912.235169342595,5912.235169342595,5912.235169342595,5912.235169342595,0.0,0.0,0.0,11456.071710058362
291,2016-10-11,5554.875485069893,9159.176921326334,13752.737022865073,5554.87492960895,5554.87604050371,5912.235169342595,5912.235169342595,5912.235169342595,5912.235169342595,5912.235169342595,5912.235169342595,0.0,0.0,0.0,11467.110654412489
292,2016-10-12,5565.91442942402,9065.851263326307,13703.4977635131,5565.91387260665,5565.914988334731,5912.235169342595,5912.235169342595,5912.235169342595,5912.235169342595,5912.235169342595,5912.235169342595,0.0,0.0,0.0,11478.149598766617
293,2016-10-13,5576.953373778148,9346.661688831753,13735.756807519092,5576.952814143448,5576.953936175104,5912.235169342595,5912.235169342595,5912.235169342595,5912.235169342595,5912.235169342595,5912.235169342595,0.0,0.0,0.0,11489.188543120743
294,2016-10-14,5587.992318132275,9313.679817572567,13612.829114486876,5587.9917556541395,5587.99288405006,5912.235169342595,5912.235169342595,5912.235169342595,5912.235169342595,5912.235169342595,5912.235169342595,0.0,0.0,0.0,11500.22748747487
295,2016-10-15,5599.031262486401,9303.358667337485,13780.600576908491,5599.030696446906,5599.0318319250155,5912.235169342595,5912.235169342595,5912.235169342595,5912.235169342595,5912.235169342595,5912.235169342595,0.0,0.0,0.0,11511.266431828997
296,2016-10-16,5610.070206840528,9298.171454089437,13786.664868085916,5610.069637239676,5610.070779799972,5912.235169342595,5912.235169342595,5912.235169342595,5912.235169342595,5912.235169342595,5912.235169342595,0.0,0.0,0.0,11522.305376183123
297,2016-10-17,5621.109151194654,9377.425841724846,13658.251214053926,5621.108578032443,5621.109727674926,5912.235169342595,5912.235169342595,5912.235169342595,5912.235169342595,5912.235169342595,5912.235169342595,0.0,0.0,0.0,11533.34432053725
298,2016-10-18,5632.148095548781,9258.31585421872,13814.914215319704,5632.147518825211,5632.148675549882,5912.235169342595,5912.235169342595,5912.235169342595,5912.235169342595,5912.235169342595,5912.235169342595,0.0,0.0,0.0,11544.383264891378
299,2016-10-19,5643.1870399029085,9436.492585471906,13687.257208350884,5643.186459617979,5643.1876234248375,5912.235169342595,5912.235169342595,5912.235169342595,5912.235169342595,5912.235169342595,5912.235169342595,0.0,0.0,0.0,11555.422209245504
300,2016-10-20,5654.225984257036,9220.613974276659,13733.103147004435,5654.225402587845,5654.226571299794,5912.235169342595,5912.235169342595,5912.235169342595,5912.235169342595,5912.235169342595,5912.235169342595,0.0,0.0,0.0,11566.46115359963
301,2016-10-21,5665.264928611162,9364.0089020752,13863.26458186538,5665.264345604484,5665.265519174749,5912.235169342595,5912.235169342595,5912.235169342595,5912.235169342595,5912.235169342595,5912.235169342595,0.0,0.0,0.0,11577.500097953758
302,2016-10-22,5676.303872965289,9353.638778580742,13829.79761900283,5676.303288635013,5676.304467049705,5912.235169342595,5912.235169342595,5912.235169342595,5912.235169342595,5912.235169342595,5912.235169342595,0.0,0.0,0.0,11588.539042307884
303,2016-10-23,5687.342817319416,9232.19976283168,13758.428142268267,5687.342231665541,5687.343415442811,5912.235169342595,5912.235169342595,5912.235169342595,5912.235169342595,5912.235169342595,5912.235169342595,0.0,0.0,0.0,11599.57798666201
304,2016-10-24,5698.381761673542,9229.10069385231,13982.502778255574,5698.381174696068,5698.382364215919,5912.235169342595,5912.235169342595,5912.235169342595,5912.235169342595,5912.235169342595,5912.235169342595,0.0,0.0,0.0,11610.616931016139
305,2016-10-25,5709.420706027669,9276.103768770992,13803.059433821581,5709.420117726595,5709.421312989028,5912.235169342595,5912.235169342595,5912.235169342595,5912.235169342595,5912.235169342595,5912.235169342595,0.0,0.0,0.0,11621.655875370265
306,2016-10-26,5720.459650381797,9224.310726216168,13789.353358497921,5720.459060757124,5720.460261762134,5912.235169342595,5912.235169342595,5912.235169342595,5912.235169342595,5912.235169342595,5912.235169342595,0.0,0.0,0.0,11632.694819724391
307,2016-10-27,5731.498594735923,9257.191398435878,13739.23826164192,5731.498003803561,5731.499208073745,5912.235169342595,5912.235169342595,5912.235169342595,5912.235169342595,5912.235169342595,5912.235169342595,0.0,0.0,0.0,11643.733764078519
308,2016-10-28,5742.53753909005,9423.853040537726,13861.071557343628,5742.53694685756,5742.53815426691,5912.235169342595,5912.235169342595,5912.235169342595,5912.235169342595,5912.235169342595,5912.235169342595,0.0,0.0,0.0,11654.772708432645
309,2016-10-29,5753.576483444177,9427.076866337331,13769.977083948408,5753.57588991156,5753.577100460075,5912.235169342595,5912.235169342595,5912.235169342595,5912.235169342595,5912.235169342595,5912.235169342595,0.0,0.0,0.0,11665.811652786771
310,2016-10-30,5764.615427798303,9538.3400207922,13922.868708938684,5764.614832965558,5764.616046639339,5912.235169342595,5912.235169342595,5912.235169342595,5912.235169342595,5912.235169342595,5912.235169342595,0.0,0.0,0.0,11676.8505971409
311,2016-10-31,5775.65437215243,9446.14705646635,14065.803654206009,5775.653776019556,5775.654992768294,5912.235169342595,5912.235169342595,5912.235169342595,5912.235169342595,5912.235169342595,5912.235169342595,0.0,0.0,0.0,11687.889541495026
312,2016-11-01,5786.693316506557,9531.413911634556,14060.58707886708,5786.692719073555,5786.693938897248,5912.235169342595,5912.235169342595,5912.235169342595,5912.235169342595,5912.235169342595,5912.235169342595,0.0,0.0,0.0,11698.928485849152
313,2016-11-02,5797.732260860685,9488.835264299105,13881.594052868795,5797.731662682896,5797.7328850262,5912.235169342595,5912.235169342595,5912.235169342595,5912.235169342595,5912.235169342595,5912.235169342595,0.0,0.0,0.0,11709.96743020328
314,2016-11-03,5808.771205214811,9552.21983581329,13951.959298769534,5808.7706053835045,5808.7718311551525,5912.235169342595,5912.235169342595,5912.235169342595,5912.235169342595,5912.235169342595,5912.235169342595,0.0,0.0,0.0,11721.006374557406
315,2016-11-04,5819.810149568938,9498.99445528163,14174.259763509393,5819.809548158011,5819.810777284107,5912.235169342595,5912.235169342595,5912.235169342595,5912.235169342595,5912.235169342595,5912.235169342595,0.0,0.0,0.0,11732.045318911532
316,2016-11-05,5830.849093923065,9580.386399047838,13968.30976852581,5830.848491160759,5830.849723413059,5912.235169342595,5912.235169342595,5912.235169342595,5912.235169342595,5912.235169342595,5912.235169342595,0.0,0.0,0.0,11743.08426326566
317,2016-11-06,5841.888038277191,9472.90720508531,13962.051150152585,5841.8874337000825,5841.8886695420115,5912.235169342595,5912.235169342595,5912.235169342595,5912.235169342595,5912.235169342595,5912.235169342595,0.0,0.0,0.0,11754.123207619787
318,2016-11-07,5852.926982631318,9424.521567580632,14035.580222112781,5852.926374710852,5852.927615660749,5912.235169342595,5912.235169342595,5912.235169342595,5912.235169342595,5912.235169342595,5912.235169342595,0.0,0.0,0.0,11765.162151973913
319,2016-11-08,5863.965926985445,9574.8064244965,14084.403143436142,5863.965315721622,5863.9665617215205,5912.235169342595,5912.235169342595,5912.235169342595,5912.235169342595,5912.235169342595,5912.235169342595,0.0,0.0,0.0,11776.20109632804
320,2016-11-09,5875.004871339572,9563.43678613869,13941.276969328652,5875.004256732391,5875.00550778229,5912.235169342595,5912.235169342595,5912.235169342595,5912.235169342595,5912.235169342595,5912.235169342595,0.0,0.0,0.0,11787.240040682167
321,2016-11-10,5886.043815693699,9542.378199262997,14257.278498720005,5886.04319774316,5886.044454417704,5912.235169342595,5912.235169342595,5912.235169342595,5912.235169342595,5912.235169342595,5912.235169342595,0.0,0.0,0.0,11798.278985036293
322,2016-11-11,5897.082760047826,9617.429705480909,13935.282996212129,5897.082138933388,5897.083401648363,5912.235169342595,5912.235169342595,5912.235169342595,5912.235169342595,5912.235169342595,5912.235169342595,0.0,0.0,0.0,11809.317929390421
323,2016-11-12,5908.121704401953,9619.448841468176,14047.429521513883,5908.121080609456,5908.122348880177,5912.235169342595,5912.235169342595,5912.235169342595,5912.235169342595,5912.235169342595,5912.235169342595,0.0,0.0,0.0,11820.35687374455
324,2016-11-13,5919.160648756079,9491.551617065683,14149.780855380299,5919.160022295195,5919.161296116226,5912.235169342595,5912.235169342595,5912.235169342595,5912.235169342595,5912.235169342595,5912.235169342595,0.0,0.0,0.0,11831.395818098674
325,2016-11-14,5930.1995931102065,9567.957022840812,14198.929058079104,5930.19896401478,5930.200243352277,5912.235169342595,5912.235169342595,5912.235169342595,5912.235169342595,5912.235169342595,5912.235169342595,0.0,0.0,0.0,11842.434762452802
326,2016-11-15,5941.238537464333,9546.511438641945,14082.34001482371,5941.2379065685745,5941.239190588327,5912.235169342595,5912.235169342595,5912.235169342595,5912.235169342595,5912.235169342595,5912.235169342595,0.0,0.0,0.0,11853.473706806928
327,2016-11-16,5952.27748181846,9544.275030280283,14131.354478078698,5952.276849276628,5952.278137824375,5912.235169342595,5912.235169342595,5912.235169342595,5912.235169342595,5912.235169342595,5912.235169342595,0.0,0.0,0.0,11864.512651161054
328,2016-11-17,5963.316426172587,9729.111016992498,14123.064613365552,5963.315790426145,5963.317085060425,5912.235169342595,5912.235169342595,5912.235169342595,5912.235169342595,5912.235169342595,5912.235169342595,0.0,0.0,0.0,11875.551595515182
329,2016-11-18,5974.355370526714,9438.2088219435,14241.228844419891,5974.354731345915,5974.356032296475,5912.235169342595,5912.235169342595,5912.235169342595,5912.235169342595,5912.235169342595,5912.235169342595,0.0,0.0,0.0,11886.59053986931
330,2016-11-19,5985.394314880839,9763.900874492196,14148.856817636846,5985.393672536733,5985.394979532524,5912.235169342595,5912.235169342595,5912.235169342595,5912.235169342595,5912.235169342595,5912.235169342595,0.0,0.0,0.0,11897.629484223435
331,2016-11-20,5996.433259234967,9622.442293493803,14207.459268276567,5996.432614227501,5996.433926768575,5912.235169342595,5912.235169342595,5912.235169342595,5912.235169342595,5912.235169342595,5912.235169342595,0.0,0.0,0.0,11908.668428577563
332,2016-11-21,6007.4722035890945,9532.332770546169,14131.326071178804,6007.47155591827,6007.472874004624,5912.235169342595,5912.235169342595,5912.235169342595,5912.235169342595,5912.235169342595,5912.235169342595,0.0,0.0,0.0,11919.70737293169
333,2016-11-22,6018.51114794322,9519.433554116602,14137.867435520277,6018.510497609037,6018.511821240673,5912.235169342595,5912.235169342595,5912.235169342595,5912.235169342595,5912.235169342595,5912.235169342595,0.0,0.0,0.0,11930.746317285815
334,2016-11-23,6029.550092297348,9763.786918221625,13977.688847918009,6029.549439299806,6029.5507684767235,5912.235169342595,5912.235169342595,5912.235169342595,5912.235169342595,5912.235169342595,5912.235169342595,0.0,0.0,0.0,11941.785261639943
335,2016-11-24,6040.589036651475,9815.736885879847,13995.314400866557,6040.5883809905745,6040.589715780525,5912.235169342595,5912.235169342595,5912.235169342595,5912.235169342595,5912.235169342595,5912.235169342595,0.0,0.0,0.0,11952.824205994071
336,2016-11-25,6051.627981005602,9626.182872701316,14193.412270976758,6051.627322681343,6051.628663585954,5912.235169342595,5912.235169342595,5912.235169342595,5912.235169342595,5912.235169342595,5912.235169342595,0.0,0.0,0.0,11963.863150348197
337,2016-11-26,6062.666925359727,9642.091840058045,14202.679540113644,6062.666264409316,6062.667611391383,5912.235169342595,5912.235169342595,5912.235169342595,5912.235169342595,5912.235169342595,5912.235169342595,0.0,0.0,0.0,11974.902094702324
338,2016-11-27,6073.7058697138555,9581.381804337596,14133.352891105556,6073.70520545538,6073.706559196812,5912.235169342595,5912.235169342595,5912.235169342595,5912.235169342595,5912.235169342595,5912.235169342595,0.0,0.0,0.0,11985.941039056452
339,2016-11-28,6084.744814067983,9590.748129507874,14252.255149181914,6084.744146812361,6084.745507002243,5912.235169342595,5912.235169342595,5912.235169342595,5912.235169342595,5912.235169342595,5912.235169342595,0.0,0.0,0.0,11996.979983410578
340,2016-11-29,6095.783758422109,9846.885503690179,14192.344088348907,6095.783090132267,6095.784454807671,5912.235169342595,5912.235169342595,5912.235169342595,5912.235169342595,5912.235169342595,5912.235169342595,0.0,0.0,0.0,12008.018927764704
341,2016-11-30,6106.822702776235,9738.828544256321,14338.04419281512,6106.822031514333,6106.823402613101,5912.235169342595,5912.235169342595,5912.235169342595,5912.235169342595,5912.235169342595,5912.235169342595,0.0,0.0,0.0,12019.05787211883
342,2016-12-01,6117.861647130363,9755.257249492552,14293.18890079254,6117.860972449854,6117.86235041853,5912.235169342595,5912.235169342595,5912.235169342595,5912.235169342595,5912.235169342595,5912.235169342595,0.0,0.0,0.0,12030.096816472958
343,2016-12-02,6128.900591484489,9727.200112363615,14474.671100748554,6128.899912203514,6128.90129822396,5912.235169342595,5912.235169342595,5912.235169342595,5912.235169342595,5912.235169342595,5912.235169342595,0.0,0.0,0.0,12041.135760827085
344,2016-12-03,6139.9395358386155,9697.885451593935,14309.411863106921,6139.938851430641,6139.940246034479,5912.235169342595,5912.235169342595,5912.235169342595,5912.235169342595,5912.235169342595,5912.235169342595,0.0,0.0,0.0,12052.17470518121
345,2016-12-04,6150.9784801927435,9601.698250509608,14323.931820638221,6150.977790657768,6150.979193846976,5912.235169342595,5912.235169342595,5912.235169342595,5912.235169342595,5912.235169342595,5912.235169342595,0.0,0.0,0.0,12063.213649535339
346,2016-12-05,6162.017424546871,9885.621345562902,14294.214373137827,6162.016729898035,6162.018141659474,5912.235169342595,5912.235169342595,5912.235169342595,5912.235169342595,5912.235169342595,5912.235169342595,0.0,0.0,0.0,12074.252593889465
347,2016-12-06,6173.056368900997,9931.118383777193,14405.02866689362,6173.055671013984,6173.05708947197,5912.235169342595,5912.235169342595,5912.235169342595,5912.235169342595,5912.235169342595,5912.235169342595,0.0,0.0,0.0,12085.291538243593
348,2016-12-07,6184.095313255123,9826.833233508913,14385.32367788673,6184.0946136902685,6184.096037284468,5912.235169342595,5912.235169342595,5912.235169342595,5912.235169342595,5912.235169342595,5912.235169342595,0.0,0.0,0.0,12096.330482597717
349,2016-12-08,6195.134257609251,10025.80146147808,14284.417167831969,6195.133554350303,6195.134984260415,5912.235169342595,5912.235169342595,5912.235169342595,5912.235169342595,5912.235169342595,5912.235169342595,0.0,0.0,0.0,12107.369426951846
350,2016-12-09,6206.173201963377,9740.553904408931,14427.473474008237,6206.1724941667235,6206.173930903296,5912.235169342595,5912.235169342595,5912.235169342595,5912.235169342595,5912.235169342595,5912.235169342595,0.0,0.0,0.0,12118.408371305974
351,2016-12-10,6217.2121463175035,9855.85913526919,14236.761052049882,6217.2114356672755,6217.21287754618,5912.235169342595,5912.235169342595,5912.235169342595,5912.235169342595,5912.235169342595,5912.235169342595,0.0,0.0,0.0,12129.447315660098
352,2016-12-11,6228.251090671631,9966.37269666106,14398.638585703233,6228.250377167827,6228.251824189061,5912.235169342595,5912.235169342595,5912.235169342595,5912.235169342595,5912.235169342595,5912.235169342595,0.0,0.0,0.0,12140.486260014226
353,2016-12-12,6239.290035025758,10032.197787242061,14312.939947015555,6239.289318668378,6239.290771270344,5912.235169342595,5912.235169342595,5912.235169342595,5912.235169342595,5912.235169342595,5912.235169342595,0.0,0.0,0.0,12151.525204368354
354,2016-12-13,6250.328979379885,10084.447519888648,14446.830393728578,6250.328260187721,6250.329719292686,5912.235169342595,5912.235169342595,5912.235169342595,5912.235169342595,5912.235169342595,5912.235169342595,0.0,0.0,0.0,12162.56414872248
355,2016-12-14,6261.367923734011,9917.73550952395,14363.423532168983,6261.367201717261,6261.368667315029,5912.235169342595,5912.235169342595,5912.235169342595,5912.235169342595,5912.235169342595,5912.235169342595,0.0,0.0,0.0,12173.603093076606
356,2016-12-15,6272.406868088138,9914.626716291556,14491.594245142333,6272.4061432468,6272.4076150166065,5912.235169342595,5912.235169342595,5912.235169342595,5912.235169342595,5912.235169342595,5912.235169342595,0.0,0.0,0.0,12184.642037430734
357,2016-12-16,6283.445812442265,9810.626561996145,14488.21701248193,6283.445084776339,6283.446562553967,5912.235169342595,5912.235169342595,5912.235169342595,5912.235169342595,5912.235169342595,5912.235169342595,0.0,0.0,0.0,12195.68098178486
358,2016-12-17,6294.484756796392,9895.979487113165,14570.831500416616,6294.484026305879,6294.485510091327,5912.235169342595,5912.235169342595,5912.235169342595,5912.235169342595,5912.235169342595,5912.235169342595,0.0,0.0,0.0,12206.719926138987
359,2016-12-18,6305.523701150519,9955.777337324,14425.003357441952,6305.522967835418,6305.524457628688,5912.235169342595,5912.235169342595,5912.235169342595,5912.235169342595,5912.235169342595,5912.235169342595,0.0,0.0,0.0,12217.758870493115
360,2016-12-19,6316.562645504646,10070.425871408012,14378.871204521676,6316.5619093649575,6316.563405166047,5912.235169342595,5912.235169342595,5912.235169342595,5912.235169342595,5912.235169342595,5912.235169342595,0.0,0.0,0.0,12228.797814847241
361,2016-12-20,6327.601589858773,9899.681263049353,14495.976483987784,6327.600850424314,6327.6023527034085,5912.235169342595,5912.235169342595,5912.235169342595,5912.235169342595,5912.235169342595,5912.235169342595,0.0,0.0,0.0,12239.836759201367
362,2016-12-21,6338.640534212899,9997.970608593292,14608.918261025585,6338.639791375091,6338.641300230349,5912.235169342595,5912.235169342595,5912.235169342595,5912.235169342595,5912.235169342595,5912.235169342595,0.0,0.0,0.0,12250.875703555495
363,2016-12-22,6349.679478567025,9975.533185715576,14524.230047285495,6349.678732325867,6349.680247738494,5912.235169342595,5912.235169342595,5912.235169342595,5912.235169342595,5912.235169342595,5912.235169342595,0.0,0.0,0.0,12261.91464790962
364,2016-12-23,6360.718422921153,10087.69503425833,14388.770921603429,6360.717673275084,6360.719195246637,5912.235169342595,5912.235169342595,5912.235169342595,5912.235169342595,5912.235169342595,5912.235169342595,0.0,0.0,0.0,12272.953592263748
365,2016-12-24,6371.75736727528,9927.590560936942,14551.663937637006,6371.756614223551,6371.758142754784,5912.235169342595,5912.235169342595,5912.235169342595,5912.235169342595,5912.235169342595,5912.235169342595,0.0,0.0,0.0,12283.992536617876
366,2016-12-25,6382.796311629406,9918.810352475586,14737.88717957047,6382.795555172016,6382.797090262928,5912.235169342595,5912.235169342595,5912.235169342595,5912.235169342595,5912.235169342595,5912.235169342595,0.0,0.0,0.0,12295.031480972
367,2016-12-26,6393.835255983534,10031.56941910556,14613.717388595387,6393.834496120482,6393.836037771073,5912.235169342595,5912.235169342595,5912.235169342595,5912.235169342595,5912.235169342595,5912.235169342595,0.0,0.0,0.0,12306.070425326128
368,2016-12-27,6404.874200337661,10119.897192752973,14477.567900092117,6404.873437068949,6404.874985279219,5912.235169342595,5912.235169342595,5912.235169342595,5912.235169342595,5912.235169342595,5912.235169342595,0.0,0.0,0.0,12317.109369680256
369,2016-12-28,6415.913144691787,10058.734758052526,14451.186174605155,6415.912378017416,6415.913932787364,5912.235169342595,5912.235169342595,5912.235169342595,5912.235169342595,5912.235169342595,5912.235169342595,0.0,0.0,0.0,12328.148314034383
370,2016-12-29,6426.952089045913,10077.541853647139,14773.80041727942,6426.951318965882,6426.9528803031035,5912.235169342595,5912.235169342595,5912.235169342595,5912.235169342595,5912.235169342595,5912.235169342595,0.0,0.0,0.0,12339.187258388509
371,2016-12-30,6437.9910334000415,10156.224045619963,14692.166862137436,6437.990259914348,6437.991827906184,5912.235169342595,5912.235169342595,5912.235169342595,5912.235169342595,5912.235169342595,5912.235169342595,0.0,0.0,0.0,12350.226202742637
